date,rainfall_mm,SPI_1,SPI_category
1981-01-01,7.02,-1.426477979170241,Moderate Drought
1981-02-01,18.27,-0.9131003012441409,Near Normal
1981-03-01,61.11,-0.5508533682236709,Near Normal
1981-04-01,40.55,-1.1375872636649254,Moderate Drought
1981-05-01,196.48,0.82488421793948,Near Normal
1981-06-01,213.88,1.4837984776332005,Moderately Wet
1981-07-01,107.61,0.07141990483148045,Near Normal
1981-08-01,107.01,0.08393244142470419,Near Normal
1981-09-01,55.49,-0.7762532490868653,Near Normal
1981-10-01,166.69,1.3045849017928561,Moderately Wet
1981-11-01,94.26,0.4619410833573344,Near Normal
1981-12-01,17.33,-1.1767412658877994,Moderate Drought
1982-01-01,59.04,1.304891996437137,Moderately Wet
1982-02-01,24.69,-0.6449451889097935,Near Normal
1982-03-01,68.63000000000001,-0.3239040374121937,Near Normal
1982-04-01,56.96,-0.8690294057468808,Near Normal
1982-05-01,238.68,1.4998505569305447,Moderately Wet
1982-06-01,85.56,-0.8105705820889365,Near Normal
1982-07-01,59.54,-0.8658607305881459,Near Normal
1982-08-01,148.66000000000005,0.7456511068865808,Near Normal
1982-09-01,35.54,-1.105824333814643,Moderate Drought
1982-10-01,74.77,-0.400181617481415,Near Normal
1982-11-01,79.53,0.15706962708869385,Near Normal
1982-12-01,100.39,1.7341548608040347,Very Wet
1983-01-01,23.0,-0.5874296860098046,Near Normal
1983-02-01,36.82,-0.13829074769240507,Near Normal
1983-03-01,97.77,0.5555246194822792,Near Normal
1983-04-01,151.94,0.6853658011425685,Near Normal
1983-05-01,130.51999999999998,-0.230110562151767,Near Normal
1983-06-01,115.36,-0.27774484970334046,Near Normal
1983-07-01,36.74,-1.3104207157674155,Moderate Drought
1983-08-01,65.03999999999999,-0.5828702570011046,Near Normal
1983-09-01,63.48,-0.6442596166570437,Near Normal
1983-10-01,148.98,0.9761317353835072,Near Normal
1983-11-01,109.37,0.7746775194889812,Near Normal
1983-12-01,37.72,-0.46215937300016996,Near Normal
1984-01-01,11.57,-1.1875749920688652,Moderate Drought
1984-02-01,55.31999999999999,0.634430370405013,Near Normal
1984-03-01,120.87,1.2526695053526409,Moderately Wet
1984-04-01,128.54000000000002,0.30241309698155483,Near Normal
1984-05-01,91.11,-0.8604523493469766,Near Normal
1984-06-01,161.4,0.5454530267742719,Near Normal
1984-07-01,20.39,-1.629217020928865,Severe Drought
1984-08-01,43.8,-0.9203229449821427,Near Normal
1984-09-01,19.77,-1.3663424293613626,Moderate Drought
1984-10-01,209.95,2.1068934268560082,Extremely Wet
1984-11-01,49.1,-0.4727496814146822,Near Normal
1984-12-01,105.95,1.9290089718611814,Very Wet
1985-01-01,55.260000000000005,1.1064187456144559,Moderately Wet
1985-02-01,96.64,2.360313429852869,Extremely Wet
1985-03-01,114.88,1.0718947059429669,Moderately Wet
1985-04-01,83.06,-0.4418898511057497,Near Normal
1985-05-01,124.41,-0.32783673113838774,Near Normal
1985-06-01,201.79,1.2676285747962255,Moderately Wet
1985-07-01,52.900000000000006,-0.995329077149126,Near Normal
1985-08-01,188.93,1.3854448801914958,Moderately Wet
1985-09-01,179.26000000000002,1.2684090645350419,Moderately Wet
1985-10-01,91.56,-0.0887909532232011,Near Normal
1985-11-01,143.31,1.4771444051480211,Moderately Wet
1985-12-01,43.61,-0.2557401798119337,Near Normal
1986-01-01,8.65,-1.3408929530218363,Moderate Drought
1986-02-01,38.13,-0.08357373878929047,Near Normal
1986-03-01,34.47,-1.3548334443962438,Moderate Drought
1986-04-01,105.68,-0.07170223708343602,Near Normal
1986-05-01,101.84,-0.6888317612575423,Near Normal
1986-06-01,94.22,-0.6557292786507063,Near Normal
1986-07-01,121.7,0.3461501763742834,Near Normal
1986-08-01,140.5,0.616008266306294,Near Normal
1986-09-01,186.72,1.391647174413198,Moderately Wet
1986-10-01,269.28000000000003,3.207239353624313,Extremely Wet
1986-11-01,74.68,0.056687647258218316,Near Normal
1986-12-01,30.380000000000003,-0.7193948361583453,Near Normal
1987-01-01,34.57,0.02006648119083677,Near Normal
1987-02-01,87.73,1.988154231893518,Very Wet
1987-03-01,120.64,1.2457282359262258,Moderately Wet
1987-04-01,48.88,-1.0012626471836754,Moderate Drought
1987-05-01,191.11,0.7389939515797169,Near Normal
1987-06-01,104.32,-0.4751406914998836,Near Normal
1987-07-01,88.46000000000001,-0.3019714862291777,Near Normal
1987-08-01,180.88,1.2575496759425615,Moderately Wet
1987-09-01,92.45,-0.1656794500122456,Near Normal
1987-10-01,68.4,-0.5183208986800344,Near Normal
1987-11-01,107.81,0.7423897074197973,Near Normal
1987-12-01,95.76,1.5718932539345045,Very Wet
1988-01-01,24.19,-0.5249473663063678,Near Normal
1988-02-01,22.87,-0.7209642394469449,Near Normal
1988-03-01,90.02000000000001,0.3216340192443878,Near Normal
1988-04-01,153.82,0.7161329414768721,Near Normal
1988-05-01,60.94,-1.34300529833656,Moderate Drought
1988-06-01,49.19,-1.4608682964132362,Moderate Drought
1988-07-01,116.66,0.24787902175570795,Near Normal
1988-08-01,62.650000000000006,-0.6208416282004774,Near Normal
1988-09-01,122.5,0.3307421588133042,Near Normal
1988-10-01,65.47,-0.5726612587918014,Near Normal
1988-11-01,87.71,0.32637366729761963,Near Normal
1988-12-01,42.38,-0.2988463950278131,Near Normal
1989-01-01,27.58,-0.3469515143780902,Near Normal
1989-02-01,28.610000000000003,-0.48121184929131333,Near Normal
1989-03-01,73.49,-0.1772319964888194,Near Normal
1989-04-01,17.63,-1.5126845277405854,Severe Drought
1989-05-01,119.72,-0.4028507626518496,Near Normal
1989-06-01,125.89,-0.08946783755500734,Near Normal
1989-07-01,111.58,0.1488279373385725,Near Normal
1989-08-01,167.0,1.0370297461319773,Moderately Wet
1989-09-01,93.09,-0.155106743534763,Near Normal
1989-10-01,96.07999999999998,-0.004962138306755558,Near Normal
1989-11-01,6.41,-1.3563180770771577,Moderate Drought
1989-12-01,16.97,-1.1893577191217153,Moderate Drought
1990-01-01,32.330000000000005,-0.09754729707445568,Near Normal
1990-02-01,71.95,1.329044002510963,Moderately Wet
1990-03-01,129.32999999999998,1.5079875025155518,Very Wet
1990-04-01,111.23,0.019126288903471105,Near Normal
1990-05-01,222.98,1.2487374876850537,Moderately Wet
1990-06-01,140.24,0.1671109966642312,Near Normal
1990-07-01,71.98,-0.6233025632359479,Near Normal
1990-08-01,66.8,-0.5549080756994743,Near Normal
1990-09-01,44.59,-0.9563196562814906,Near Normal
1990-10-01,66.44,-0.5546714467411482,Near Normal
1990-11-01,53.45,-0.3827163592986886,Near Normal
1990-12-01,39.17,-0.41134310303023053,Near Normal
1991-01-01,34.83,0.03371808045377243,Near Normal
1991-02-01,6.87,-1.3892635848284962,Moderate Drought
1991-03-01,43.08,-1.0949885323900181,Moderate Drought
1991-04-01,105.55,-0.07382975210655293,Near Normal
1991-05-01,126.94,-0.28737073972494237,Near Normal
1991-06-01,47.53,-1.4905491929152526,Moderate Drought
1991-07-01,41.19,-1.2236535256776018,Moderate Drought
1991-08-01,41.08,-0.9635372251755714,Near Normal
1991-09-01,78.93,-0.3890278743490653,Near Normal
1991-10-01,72.51,-0.4420960249396378,Near Normal
1991-11-01,76.61,0.09663346603611879,Near Normal
1991-12-01,74.59,0.8299757123733905,Near Normal
1992-01-01,22.4,-0.6189333766165795,Near Normal
1992-02-01,25.26,-0.6211370247305756,Near Normal
1992-03-01,75.44,-0.11838210352573685,Near Normal
1992-04-01,107.76,-0.03766199671356814,Near Normal
1992-05-01,53.18,-1.4671223312884711,Moderate Drought
1992-06-01,147.99,0.3056814472007537,Near Normal
1992-07-01,290.83,3.643888347136118,Extremely Wet
1992-08-01,71.5,-0.4802363415417115,Near Normal
1992-09-01,116.6,0.23327502097401145,Near Normal
1992-10-01,56.15,-0.7455118240619951,Near Normal
1992-11-01,213.43,2.92844016302698,Extremely Wet
1992-12-01,124.74,2.5875177392647393,Extremely Wet
1993-01-01,41.94,0.4070368141440542,Near Normal
1993-02-01,41.59,0.06094599464946999,Near Normal
1993-03-01,57.24,-0.667647771181173,Near Normal
1993-04-01,85.34,-0.4045765107003175,Near Normal
1993-05-01,155.33,0.16671206510814607,Near Normal
1993-06-01,113.2,-0.31636577527222925,Near Normal
1993-07-01,190.85,1.6944538156350937,Very Wet
1993-08-01,60.50999999999999,-0.6548410986467781,Near Normal
1993-09-01,247.33,2.392915517538542,Extremely Wet
1993-10-01,42.190000000000005,-1.0044167480074784,Moderate Drought
1993-11-01,70.49000000000001,-0.03003410438914101,Near Normal
1993-12-01,31.55,-0.6783913631481185,Near Normal
1994-01-01,19.73,-0.7591247998167275,Near Normal
1994-02-01,58.69,0.7751909200260025,Near Normal
1994-03-01,37.51,-1.2630879702384126,Moderate Drought
1994-04-01,325.59000000000003,3.5272349070212057,Extremely Wet
1994-05-01,57.09,-1.4045839809222376,Moderate Drought
1994-06-01,77.8,-0.9493198332067965,Near Normal
1994-07-01,147.18,0.842965458057081,Near Normal
1994-08-01,109.36,0.12126830850358544,Near Normal
1994-09-01,49.14,-0.881154321168138,Near Normal
1994-10-01,85.38,-0.20340645680365158,Near Normal
1994-11-01,156.85000000000002,1.7573860560561947,Very Wet
1994-12-01,22.61,-0.9916999517903651,Near Normal
1995-01-01,37.99,0.19963751764945342,Near Normal
1995-02-01,24.08,-0.6704241014524652,Near Normal
1995-03-01,30.55,-1.473136818968184,Moderate Drought
1995-04-01,94.41,-0.25614142408748014,Near Normal
1995-05-01,251.1,1.6985017875056398,Very Wet
1995-06-01,182.82,0.928443871999086,Near Normal
1995-07-01,79.23,-0.4819402872469259,Near Normal
1995-08-01,87.78,-0.22158616450163135,Near Normal
1995-09-01,57.53,-0.7425527471898895,Near Normal
1995-10-01,19.0,-1.4345030794040228,Moderate Drought
1995-11-01,21.11,-1.0520675402713862,Moderate Drought
1995-12-01,52.77,0.06527846358437271,Near Normal
1996-01-01,31.06,-0.1642301088587961,Near Normal
1996-02-01,18.48,-0.904328872336008,Near Normal
1996-03-01,50.12,-0.882525329077146,Near Normal
1996-04-01,66.43,-0.7140481190629148,Near Normal
1996-05-01,133.23000000000002,-0.18676556739665304,Near Normal
1996-06-01,102.54,-0.5069671949779492,Near Normal
1996-07-01,119.07,0.2948697921189552,Near Normal
1996-08-01,111.42,0.15399677070890275,Near Normal
1996-09-01,132.1,0.489332755975543,Near Normal
1996-10-01,82.03,-0.26553622007137134,Near Normal
1996-11-01,112.98,0.8493948281875414,Near Normal
1996-12-01,21.33,-1.0365584521776219,Moderate Drought
1997-01-01,27.77,-0.3369753456859447,Near Normal
1997-02-01,113.34,3.0578508715948636,Extremely Wet
1997-03-01,59.92,-0.5867668926472955,Near Normal
1997-04-01,85.04,-0.40948616075366384,Near Normal
1997-05-01,130.24,-0.2345890117943613,Near Normal
1997-06-01,165.68,0.6219796755866998,Near Normal
1997-07-01,111.85,0.15409246347885325,Near Normal
1997-08-01,92.7,-0.14341915768116484,Near Normal
1997-09-01,114.0,0.19032340090923852,Near Normal
1997-10-01,64.16,-0.5969567781591785,Near Normal
1997-11-01,69.78999999999999,-0.0445222251894162,Near Normal
1997-12-01,64.78,0.4861773617491803,Near Normal
1998-01-01,60.06,1.3584482704686545,Moderately Wet
1998-02-01,18.23,-0.9147710496075947,Near Normal
1998-03-01,114.38,1.0568049897985867,Moderately Wet
1998-04-01,66.6,-0.7112659840326854,Near Normal
1998-05-01,49.54,-1.525342176642203,Severe Drought
1998-06-01,193.71,1.1231577050755674,Moderately Wet
1998-07-01,198.75,1.848489950850718,Very Wet
1998-08-01,35.18,-1.057274082948082,Moderate Drought
1998-09-01,235.65,2.1999636243244844,Extremely Wet
1998-10-01,160.7,1.193493175830575,Moderately Wet
1998-11-01,73.8,0.038474009680729754,Near Normal
1998-12-01,63.73,0.4493793731502586,Near Normal
1999-01-01,47.66,0.7073719979286409,Near Normal
1999-02-01,43.45,0.13863579355007527,Near Normal
1999-03-01,63.7,-0.47268863859578186,Near Normal
1999-04-01,160.26000000000002,0.8215267626220406,Near Normal
1999-05-01,138.25,-0.10647336309013335,Near Normal
1999-06-01,145.87,0.26777572395721455,Near Normal
1999-07-01,41.42,-1.219168929335881,Moderate Drought
1999-08-01,84.59,-0.2722676181108362,Near Normal
1999-09-01,157.69,0.912075816536136,Near Normal
1999-10-01,30.35,-1.2240037322133897,Moderate Drought
1999-11-01,38.510000000000005,-0.6919342518074114,Near Normal
1999-12-01,55.83,0.17251831607265825,Near Normal
2000-01-01,22.55,-0.6110574539648858,Near Normal
2000-02-01,41.76,0.06804667519414874,Near Normal
2000-03-01,98.39,0.5742358675013106,Near Normal
2000-04-01,38.82,-1.165899578972556,Moderate Drought
2000-05-01,88.72,-0.8986791159391245,Near Normal
2000-06-01,184.98,0.9670647975679748,Near Normal
2000-07-01,74.61,-0.57202217898062,Near Normal
2000-08-01,9.3,-1.4684452489061455,Moderate Drought
2000-09-01,57.04,-0.7506474755867122,Near Normal
2000-10-01,90.4,-0.11030454289202343,Near Normal
2000-11-01,55.57,-0.33883805058928484,Near Normal
2000-12-01,35.67,-0.5340030650266357,Near Normal
2001-01-01,36.62,0.12770409076398398,Near Normal
2001-02-01,83.96000000000001,1.83068619863799,Very Wet
2001-03-01,59.330000000000005,-0.604572757697664,Near Normal
2001-04-01,97.98,-0.19771658845265866,Near Normal
2001-05-01,126.1,-0.3008060886527267,Near Normal
2001-06-01,153.64,0.4067037756564116,Near Normal
2001-07-01,156.43,1.0233242239741092,Moderately Wet
2001-08-01,51.080000000000005,-0.8046611950526719,Near Normal
2001-09-01,123.95,0.3546959469263507,Near Normal
2001-10-01,88.92999999999999,-0.13756745393785896,Near Normal
2001-11-01,26.76,-0.935127708097739,Near Normal
2001-12-01,32.07,-0.6601675973657954,Near Normal
2002-01-01,44.8,0.5572044060363476,Near Normal
2002-02-01,27.16,-0.5417764774665166,Near Normal
2002-03-01,39.89,-1.1912609213911631,Moderate Drought
2002-04-01,103.33,-0.11016116250131579,Near Normal
2002-05-01,197.01,0.8333612833343914,Near Normal
2002-06-01,106.94,-0.42829493918947203,Near Normal
2002-07-01,95.59,-0.1629489996358361,Near Normal
2002-08-01,49.28,-0.8332588804747939,Near Normal
2002-09-01,54.8,-0.7876519482579013,Near Normal
2002-10-01,93.04,-0.06134258019746211,Near Normal
2002-11-01,20.22,-1.070488151003164,Moderate Drought
2002-12-01,35.79,-0.5297975806153306,Near Normal
2003-01-01,18.82,-0.8069053972370027,Near Normal
2003-02-01,58.08,0.7497120074833309,Near Normal
2003-03-01,63.99,-0.46393660323204144,Near Normal
2003-04-01,86.21,-0.3903385255456133,Near Normal
2003-05-01,119.7,-0.4031706519120349,Near Normal
2003-06-01,103.34,-0.4926631484709533,Near Normal
2003-07-01,38.25,-1.2809783658717706,Moderate Drought
2003-08-01,148.56,0.744062346585351,Near Normal
2003-09-01,81.56,-0.34558065866816035,Near Normal
2003-10-01,46.81,-0.918733313291996,Near Normal
2003-11-01,55.650000000000006,-0.3371822653549676,Near Normal
2003-12-01,86.69,1.254028723846677,Moderately Wet
2004-01-01,46.68,0.6559159699375755,Near Normal
2004-02-01,22.21,-0.7485315874439339,Near Normal
2004-03-01,137.32,1.7491211665027464,Very Wet
2004-04-01,93.87,-0.2649787941835034,Near Normal
2004-05-01,103.65,-0.6598817832107691,Near Normal
2004-06-01,162.68,0.5683395011854653,Near Normal
2004-07-01,146.17,0.8232722306434376,Near Normal
2004-08-01,65.92,-0.5688891663502893,Near Normal
2004-09-01,40.56,-1.0228946673818888,Moderate Drought
2004-10-01,120.69,0.45145979423610605,Near Normal
2004-11-01,150.32,1.6222325863050588,Very Wet
2004-12-01,37.13,-0.482836338022421,Near Normal
2005-01-01,84.42,2.6374981091037126,Extremely Wet
2005-02-01,41.66,0.06386980428551399,Near Normal
2005-03-01,38.59,-1.2304941833665513,Moderate Drought
2005-04-01,48.03,-1.0151733223348234,Moderate Drought
2005-05-01,104.66,-0.6437273755714097,Near Normal
2005-06-01,173.99,0.7705629586781194,Near Normal
2005-07-01,80.71000000000001,-0.4530828847002013,Near Normal
2005-08-01,213.89,1.7819994513782522,Very Wet
2005-09-01,65.31,-0.6140282840729918,Near Normal
2005-10-01,55.43,-0.7588650866150572,Near Normal
2005-11-01,23.47,-1.003221875859031,Moderate Drought
2005-12-01,21.96,-1.014479659018269,Moderate Drought
2006-01-01,24.74,-0.49606898325015775,Near Normal
2006-02-01,6.5,-1.4047180071904444,Moderate Drought
2006-03-01,93.3,0.4206225571515209,Near Normal
2006-04-01,129.43,0.31697839213981543,Near Normal
2006-05-01,103.63,-0.6602016724709546,Near Normal
2006-06-01,48.93,-1.4655171115280097,Moderate Drought
2006-07-01,91.56,-0.24152692684076837,Near Normal
2006-08-01,76.28,-0.4042935991429656,Near Normal
2006-09-01,50.68,-0.8557137462066955,Near Normal
2006-10-01,66.99,-0.544471037846448,Near Normal
2006-11-01,55.07000000000001,-0.3491867083037667,Near Normal
2006-12-01,81.89,1.085809347394464,Moderately Wet
2007-01-01,29.59,-0.2414141508453944,Near Normal
2007-02-01,21.29,-0.7869587998033731,Near Normal
2007-03-01,81.15,0.05394245484308433,Near Normal
2007-04-01,104.61,-0.08921332227370474,Near Normal
2007-05-01,182.63,0.6033609052611331,Near Normal
2007-06-01,319.72,3.3762238305087546,Extremely Wet
2007-07-01,135.26,0.6105463780861644,Near Normal
2007-08-01,34.56,-1.0671243968157016,Moderate Drought
2007-09-01,53.38,-0.8111101407548157,Near Normal
2007-10-01,112.6,0.3014210524940601,Near Normal
2007-11-01,9.17,-1.2991934864932169,Moderate Drought
2007-12-01,42.17,-0.30620599274759747,Near Normal
2008-01-01,21.35,-0.6740648351784354,Near Normal
2008-02-01,60.12,0.8349201740194786,Near Normal
2008-03-01,86.32,0.20997011977597438,Near Normal
2008-04-01,117.08,0.11486446494372453,Near Normal
2008-05-01,187.38,0.6793346045551509,Near Normal
2008-06-01,205.75,1.3384336050058552,Moderately Wet
2008-07-01,101.19,-0.053758827837419136,Near Normal
2008-08-01,89.03,-0.20172666073626894,Near Normal
2008-09-01,173.20999999999998,1.1684639486150885,Moderately Wet
2008-10-01,87.03999999999999,-0.1726197681396472,Near Normal
2008-11-01,59.150000000000006,-0.2647416613535934,Near Normal
2008-12-01,62.18,0.3950585328375649,Near Normal
2009-01-01,10.11,-1.2642339725453509,Moderate Drought
2009-02-01,26.85,-0.5547247772832841,Near Normal
2009-03-01,104.42,0.7562178442025349,Near Normal
2009-04-01,213.37,1.6906984770661198,Very Wet
2009-05-01,127.46,-0.27905361896012365,Near Normal
2009-06-01,154.16,0.4160014058859591,Near Normal
2009-07-01,95.24,-0.1697733853732373,Near Normal
2009-08-01,109.53,0.12396920101567475,Near Normal
2009-09-01,170.78,1.1283207037083973,Moderately Wet
2009-10-01,180.68,1.5640462116780505,Very Wet
2009-11-01,41.07,-0.6389491243092635,Near Normal
2009-12-01,70.32,0.6803305587377757,Near Normal
2010-01-01,27.44,-0.3543023755196708,Near Normal
2010-02-01,53.440000000000005,0.5559051973226813,Near Normal
2010-03-01,64.91,-0.43617152552638216,Near Normal
2010-04-01,89.36,-0.33878719998547674,Near Normal
2010-05-01,138.16000000000005,-0.10791286476096651,Near Normal
2010-06-01,143.46,0.22468478385488955,Near Normal
2010-07-01,165.95,1.2089475160314178,Moderately Wet
2010-08-01,31.08,-1.1224132552984707,Moderate Drought
2010-09-01,262.44,2.642530509530357,Extremely Wet
2010-10-01,28.68,-1.254975882857298,Moderate Drought
2010-11-01,62.49,-0.19561262782085356,Near Normal
2010-12-01,23.770000000000003,-0.9510469358144135,Near Normal
2011-01-01,15.73,-0.9691494038618931,Near Normal
2011-02-01,67.24,1.1323133827142686,Moderately Wet
2011-03-01,54.79,-0.7415873802886357,Near Normal
2011-04-01,79.67,-0.49736889670856327,Near Normal
2011-05-01,128.28,-0.2659381592925246,Near Normal
2011-06-01,101.17,-0.5314628746211797,Near Normal
2011-07-01,59.92,-0.8584513975018248,Near Normal
2011-08-01,81.16,-0.3267620964429908,Near Normal
2011-09-01,54.7,-0.7893039336450078,Near Normal
2011-10-01,20.9,-1.399265303222331,Moderate Drought
2011-11-01,165.42000000000002,1.9347620492824165,Very Wet
2011-12-01,88.75,1.3262228729074184,Moderately Wet
2012-01-01,8.09,-1.3702963975881592,Moderate Drought
2012-02-01,39.91,-0.009225436615593162,Near Normal
2012-03-01,135.06,1.6809156495301485,Very Wet
2012-04-01,116.97,0.11306425992416422,Near Normal
2012-05-01,74.08,-1.1328380543947925,Moderate Drought
2012-06-01,48.97,-1.46480190920266,Moderate Drought
2012-07-01,37.69,-1.2918973830516125,Moderate Drought
2012-08-01,65.25,-0.5795338603685236,Near Normal
2012-09-01,137.82999999999998,0.5839915186567541,Near Normal
2012-10-01,68.58,-0.514982583041769,Near Normal
2012-11-01,29.86,-0.8709660302679506,Near Normal
2012-12-01,25.36,-0.8953242673646181,Near Normal
2013-01-01,61.99,1.4597851419204468,Moderately Wet
2013-02-01,61.2,0.8800303798327336,Near Normal
2013-03-01,86.27000000000001,0.20846114816153688,Near Normal
2013-04-01,140.41,0.49667158409229106,Near Normal
2013-05-01,164.13,0.3074633395896948,Near Normal
2013-06-01,151.95,0.3764864774103828,Near Normal
2013-07-01,121.42,0.3406906677843625,Near Normal
2013-08-01,163.07,0.9745914662936778,Near Normal
2013-09-01,55.94,-0.7688193148448854,Near Normal
2013-10-01,172.04,1.4038070610413043,Moderately Wet
2013-11-01,54.7,-0.3568447150124835,Near Normal
2013-12-01,36.120000000000005,-0.5182324984842407,Near Normal
2014-01-01,15.749999999999998,-0.9680992808416673,Near Normal
2014-02-01,23.2,-0.7071805654484504,Near Normal
2014-03-01,40.36,-1.177076588215446,Moderate Drought
2014-04-01,99.47,-0.17333199318770529,Near Normal
2014-05-01,90.64,-0.867969746961332,Near Normal
2014-06-01,184.5,0.9584823696637774,Near Normal
2014-07-01,59.63,-0.8641058885413856,Near Normal
2014-08-01,57.45,-0.7034571638643851,Near Normal
2014-09-01,147.41,0.7422517187415719,Near Normal
2014-10-01,131.39,0.6499041127330021,Near Normal
2014-11-01,43.45,-0.5896895135883291,Near Normal
2014-12-01,57.52,0.2317455548652084,Near Normal
2015-01-01,18.29,-0.8347336572729872,Near Normal
2015-02-01,23.45,-0.6967383881768637,Near Normal
2015-03-01,41.78,-1.1342217943654063,Moderate Drought
2015-04-01,122.77,0.20798416095552663,Near Normal
2015-05-01,265.25,1.9248234390867671,Very Wet
2015-06-01,85.18,-0.8173650041797594,Near Normal
2015-07-01,132.35,0.5538064852409157,Near Normal
2015-08-01,148.01,0.7353241649285913,Near Normal
2015-09-01,66.67999999999999,-0.5913960842696308,Near Normal
2015-10-01,59.11,-0.6906150780105172,Near Normal
2015-11-01,150.03,1.6162303648306595,Very Wet
2015-12-01,111.43,2.1210594266441247,Extremely Wet
2016-01-01,26.74,-0.3910566812275749,Near Normal
2016-02-01,15.87,-1.0133452030513737,Moderate Drought
2016-03-01,58.58,-0.6272073319142344,Near Normal
2016-04-01,127.79,0.29013897184818876,Near Normal
2016-05-01,121.21,-0.37901901276804195,Near Normal
2016-06-01,61.2,-1.2461287982269607,Moderate Drought
2016-07-01,161.94,1.1307595537257658,Moderately Wet
2016-08-01,176.16,1.182560189724553,Moderately Wet
2016-09-01,165.71,1.04456504458209,Moderately Wet
2016-10-01,150.02,0.9954197812934863,Near Normal
2016-11-01,33.16,-0.8026648893523693,Near Normal
2016-12-01,39.19,-0.4106421889616798,Near Normal
2017-01-01,40.53,0.3330031412181335,Near Normal
2017-02-01,13.3,-1.1206907854032853,Moderate Drought
2017-03-01,72.6,-0.20409169122581602,Near Normal
2017-04-01,242.31,2.164316052212263,Extremely Wet
2017-05-01,109.0,-0.5743114061111911,Near Normal
2017-06-01,96.33,-0.6180023559885047,Near Normal
2017-07-01,109.56,0.10944148251128644,Near Normal
2017-08-01,136.69,0.5554764988294694,Near Normal
2017-09-01,67.22,-0.5824753631792547,Near Normal
2017-10-01,128.81,0.6020549219178629,Near Normal
2017-11-01,12.88,-1.22240644625176,Moderate Drought
2017-12-01,17.34,-1.176390808853524,Moderate Drought
2018-01-01,24.09,-0.5301979814074971,Near Normal
2018-02-01,57.32,0.7179677885777073,Near Normal
2018-03-01,58.260000000000005,-0.6368647502466375,Near Normal
2018-04-01,30.8,-1.2971508903986813,Moderate Drought
2018-05-01,168.07,0.3704815238462065,Near Normal
2018-06-01,76.21,-0.9777491256394508,Near Normal
2018-07-01,96.81,-0.1391611407797524,Near Normal
2018-08-01,215.09,1.8010645749930003,Very Wet
2018-09-01,91.29,-0.18484248050268273,Near Normal
2018-10-01,187.33,1.6873784283139721,Very Wet
2018-11-01,48.14,-0.49261910422648775,Near Normal
2018-12-01,69.38,0.6473875975158842,Near Normal
2019-01-01,58.68000000000001,1.2859897820730726,Moderately Wet
2019-02-01,42.120000000000005,0.08308341046523392,Near Normal
2019-03-01,118.58,1.1835586054113798,Moderately Wet
2019-04-01,91.94,-0.29656420952669826,Near Normal
2019-05-01,375.2,3.683414646955666,Extremely Wet
2019-06-01,146.77,0.28386777627758497,Near Normal
2019-07-01,103.28,-0.013007495862652709,Near Normal
2019-08-01,343.86,3.8469112148855755,Extremely Wet
2019-09-01,139.13,0.6054673286891409,Near Normal
2019-10-01,100.35,0.07423012711209949,Near Normal
2019-11-01,46.28,-0.5311161109243608,Near Normal
2019-12-01,43.52,-0.25889429312041257,Near Normal
2020-01-01,59.53,1.33062001043267,Moderately Wet
2020-02-01,45.37,0.21883171499586118,Near Normal
2020-03-01,132.74,1.610899366620225,Very Wet
2020-04-01,94.72,-0.25106811903235554,Near Normal
2020-05-01,179.38,0.5513789004810155,Near Normal
2020-06-01,44.36,-1.5472289771992238,Severe Drought
2020-07-01,116.57,0.2461241797089476,Near Normal
2020-08-01,70.32,-0.49898371309621375,Near Normal
2020-09-01,58.13999999999999,-0.7324756363285391,Near Normal
2020-10-01,66.75,-0.5489221253641353,Near Normal
2020-11-01,55.22,-0.34608211098942226,Near Normal
2020-12-01,36.82,-0.4937005060849598,Near Normal
2021-01-01,83.67,2.5981184958452443,Extremely Wet
2021-02-01,17.29,-0.9540336361487609,Near Normal
2021-03-01,172.59,2.81354974332732,Extremely Wet
2021-04-01,65.37,-0.7313955492514052,Near Normal
2021-05-01,174.47,0.4728460871055149,Near Normal
2021-06-01,149.34,0.3298195256813091,Near Normal
2021-07-01,143.98,0.780571074172271,Near Normal
2021-08-01,71.91,-0.4737224243066727,Near Normal
2021-09-01,163.47,1.0075605719109006,Moderately Wet
2021-10-01,148.12,0.9601820051117943,Near Normal
2021-11-01,35.76,-0.7488518692370627,Near Normal
2021-12-01,54.6,0.12941210085677882,Near Normal
2022-01-01,14.72,-1.0221806163832974,Moderate Drought
2022-02-01,31.63,-0.35507034785054575,Near Normal
2022-03-01,98.72,0.5841950801566015,Near Normal
2022-04-01,77.21000000000001,-0.5376280271460031,Near Normal
2022-05-01,206.28,0.9816299554302961,Near Normal
2022-06-01,132.09,0.021388522874210694,Near Normal
2022-07-01,73.77,-0.5884007047503826,Near Normal
2022-08-01,64.28,-0.5949448352904448,Near Normal
2022-09-01,24.86,-1.2822563731576337,Moderate Drought
2022-10-01,49.39,-0.8708841224768566,Near Normal
2022-11-01,98.66,0.5530092712447761,Near Normal
2022-12-01,55.09,0.14658449553627562,Near Normal
2023-01-01,53.02,0.9888049673491631,Near Normal
2023-02-01,47.57,0.31072287498582457,Near Normal
2023-03-01,54.87,-0.7391730257055349,Near Normal
2023-04-01,27.81,-1.3460837359303663,Moderate Drought
2023-05-01,108.23,-0.5866271426283266,Near Normal
2023-06-01,57.05,-1.3203310394820018,Moderate Drought
2023-07-01,125.06,0.4116642794533336,Near Normal
2023-08-01,64.28999999999999,-0.5947859592603221,Near Normal
2023-09-01,73.45,-0.47955667356251,Near Normal
2023-10-01,87.22,-0.16928145250138152,Near Normal
2023-11-01,32.01,-0.8264668020956779,Near Normal
2023-12-01,63.69,0.44797754501315684,Near Normal
2024-01-01,59.29,1.31801853418996,Moderately Wet
2024-02-01,29.49,-0.44445538529532824,Near Normal
2024-03-01,64.79,-0.4397930574010331,Near Normal
2024-04-01,234.32,2.0335557057914717,Extremely Wet
2024-05-01,134.19,-0.17141088290775713,Near Normal
2024-06-01,152.59,0.3879297146159798,Near Normal
2024-07-01,37.74,-1.2909224708034124,Moderate Drought
2024-08-01,74.61999999999999,-0.43066702014336705,Near Normal
2024-09-01,63.12,-0.6502067640506276,Near Normal
2024-10-01,48.56,-0.8862774668088589,Near Normal
2024-11-01,168.22,1.9927145324835156,Very Wet
2024-12-01,11.77,-1.3715953769449458,Moderate Drought
2025-01-01,27.6,-0.3459013913578642,Near Normal
2025-02-01,16.46,-0.9887016646904289,Near Normal
2025-03-01,70.77,-0.2593200523142472,Near Normal
2025-04-01,183.76,1.2061160168008362,Moderately Wet
2025-05-01,170.61,0.4111074598897448,Near Normal
2025-06-01,175.93,0.8052502714575843,Near Normal
2025-07-01,109.01,0.09871744778108481,Near Normal
2025-08-01,101.66,-0.0010662346910471124,Near Normal
2025-09-01,87.03999999999999,-0.2550518594547158,Near Normal
2025-10-01,75.69,-0.38311911533028,Near Normal
2025-11-01,65.42,-0.1349694936139889,Near Normal
2025-12-01,9.02,-1.4679710613706927,Moderate Drought
2026-01-01,31.15,-0.15950455526777987,Near Normal
2026-02-01,40.55,0.017506537199668906,Near Normal
2026-03-01,79.16,-0.006114615411548808,Near Normal
2026-04-01,210.14,1.6378379114917572,Very Wet
