date,rainfall_mm
1981-01-01,1.06
1981-01-06,1.01
1981-01-11,0.95
1981-01-16,1.43
1981-01-21,1.35
1981-01-26,1.22
1981-02-01,2.14
1981-02-06,7.39
1981-02-11,1.26
1981-02-16,2.04
1981-02-21,3.97
1981-02-26,1.47
1981-03-01,15.75
1981-03-06,3.96
1981-03-11,5.29
1981-03-16,8.61
1981-03-21,11.75
1981-03-26,15.75
1981-04-01,5.44
1981-04-06,0.78
1981-04-11,15.11
1981-04-16,8.18
1981-04-21,4.85
1981-04-26,6.19
1981-05-01,11.16
1981-05-06,56.66
1981-05-11,28.11
1981-05-16,49.65
1981-05-21,17.26
1981-05-26,33.64
1981-06-01,9.94
1981-06-06,18.25
1981-06-11,63.83
1981-06-16,26.08
1981-06-21,27.53
1981-06-26,68.25
1981-07-01,5.41
1981-07-06,1.64
1981-07-11,0.81
1981-07-16,32.49
1981-07-21,6.09
1981-07-26,61.17
1981-08-01,25.76
1981-08-06,16.68
1981-08-11,9.89
1981-08-16,6.43
1981-08-21,8.45
1981-08-26,39.8
1981-09-01,33.93
1981-09-06,3.93
1981-09-11,1.18
1981-09-16,1.53
1981-09-21,13.04
1981-09-26,1.88
1981-10-01,21.99
1981-10-06,18.23
1981-10-11,35.77
1981-10-16,51.5
1981-10-21,16.09
1981-10-26,23.11
1981-11-01,2.42
1981-11-06,41.7
1981-11-11,1.59
1981-11-16,1.68
1981-11-21,3.83
1981-11-26,43.04
1981-12-01,1.99
1981-12-06,1.4
1981-12-11,5.89
1981-12-16,1.45
1981-12-21,2.88
1981-12-26,3.72
1982-01-01,10.23
1982-01-06,0.63
1982-01-11,3.94
1982-01-16,5.57
1982-01-21,1.26
1982-01-26,37.41
1982-02-01,7.18
1982-02-06,4.97
1982-02-11,5.64
1982-02-16,1.75
1982-02-21,2.33
1982-02-26,2.82
1982-03-01,6.48
1982-03-06,2.36
1982-03-11,43.6
1982-03-16,6.88
1982-03-21,4.85
1982-03-26,4.46
1982-04-01,8.34
1982-04-06,11.62
1982-04-11,0.66
1982-04-16,3.89
1982-04-21,4.61
1982-04-26,27.84
1982-05-01,5.73
1982-05-06,18.83
1982-05-11,56.5
1982-05-16,32.17
1982-05-21,29.41
1982-05-26,96.04
1982-06-01,4.39
1982-06-06,8.66
1982-06-11,23.49
1982-06-16,11.77
1982-06-21,11.05
1982-06-26,26.2
1982-07-01,20.94
1982-07-06,20.37
1982-07-11,11.84
1982-07-16,0.66
1982-07-21,0.92
1982-07-26,4.81
1982-08-01,1.03
1982-08-06,30.96
1982-08-11,81.04
1982-08-16,1.11
1982-08-21,11.07
1982-08-26,23.45
1982-09-01,1.57
1982-09-06,1.49
1982-09-11,20.36
1982-09-16,1.53
1982-09-21,9.15
1982-09-26,1.44
1982-10-01,4.02
1982-10-06,45.6
1982-10-11,1.76
1982-10-16,1.69
1982-10-21,1.85
1982-10-26,19.85
1982-11-01,1.16
1982-11-06,4.83
1982-11-11,28.4
1982-11-16,6.42
1982-11-21,7.02
1982-11-26,31.7
1982-12-01,34.4
1982-12-06,13.45
1982-12-11,4.87
1982-12-16,1.07
1982-12-21,17.18
1982-12-26,29.42
1983-01-01,0.9
1983-01-06,2.85
1983-01-11,0.82
1983-01-16,0.99
1983-01-21,6.65
1983-01-26,10.79
1983-02-01,25.01
1983-02-06,1.39
1983-02-11,2.99
1983-02-16,3.87
1983-02-21,1.77
1983-02-26,1.79
1983-03-01,25.07
1983-03-06,4.69
1983-03-11,2.17
1983-03-16,15.64
1983-03-21,2.32
1983-03-26,47.88
1983-04-01,62.83
1983-04-06,2.68
1983-04-11,5.42
1983-04-16,0.77
1983-04-21,45.82
1983-04-26,34.42
1983-05-01,7.09
1983-05-06,9.28
1983-05-11,42.94
1983-05-16,16.52
1983-05-21,28.69
1983-05-26,26.0
1983-06-01,26.75
1983-06-06,1.23
1983-06-11,29.37
1983-06-16,21.1
1983-06-21,7.3
1983-06-26,29.61
1983-07-01,18.42
1983-07-06,0.68
1983-07-11,11.3
1983-07-16,1.2
1983-07-21,0.82
1983-07-26,4.32
1983-08-01,15.37
1983-08-06,2.37
1983-08-11,1.04
1983-08-16,1.39
1983-08-21,12.55
1983-08-26,32.32
1983-09-01,2.06
1983-09-06,16.67
1983-09-11,29.41
1983-09-16,6.19
1983-09-21,7.21
1983-09-26,1.94
1983-10-01,7.05
1983-10-06,6.11
1983-10-11,41.19
1983-10-16,80.35
1983-10-21,7.02
1983-10-26,7.26
1983-11-01,34.64
1983-11-06,2.95
1983-11-11,1.24
1983-11-16,20.37
1983-11-21,14.64
1983-11-26,35.53
1983-12-01,25.05
1983-12-06,1.79
1983-12-11,2.32
1983-12-16,2.46
1983-12-21,3.67
1983-12-26,2.43
1984-01-01,2.75
1984-01-06,2.54
1984-01-11,3.45
1984-01-16,1.21
1984-01-21,0.78
1984-01-26,0.84
1984-02-01,1.4
1984-02-06,9.36
1984-02-11,18.04
1984-02-16,5.88
1984-02-21,1.65
1984-02-26,18.99
1984-03-01,14.2
1984-03-06,3.28
1984-03-11,16.85
1984-03-16,57.56
1984-03-21,16.03
1984-03-26,12.95
1984-04-01,10.4
1984-04-06,41.61
1984-04-11,11.73
1984-04-16,0.76
1984-04-21,32.02
1984-04-26,32.02
1984-05-01,28.03
1984-05-06,10.96
1984-05-11,7.6
1984-05-16,8.75
1984-05-21,8.68
1984-05-26,27.09
1984-06-01,4.8
1984-06-06,38.74
1984-06-11,5.4
1984-06-16,22.41
1984-06-21,54.4
1984-06-26,35.65
1984-07-01,8.28
1984-07-06,8.39
1984-07-11,1.27
1984-07-16,0.92
1984-07-21,0.79
1984-07-26,0.74
1984-08-01,1.64
1984-08-06,9.06
1984-08-11,1.04
1984-08-16,5.41
1984-08-21,25.52
1984-08-26,1.13
1984-09-01,2.08
1984-09-06,6.32
1984-09-11,2.51
1984-09-16,2.33
1984-09-21,1.46
1984-09-26,5.07
1984-10-01,10.87
1984-10-06,42.26
1984-10-11,46.31
1984-10-16,45.2
1984-10-21,24.73
1984-10-26,40.58
1984-11-01,14.92
1984-11-06,1.07
1984-11-11,0.85
1984-11-16,25.73
1984-11-21,4.4
1984-11-26,2.13
1984-12-01,5.73
1984-12-06,1.23
1984-12-11,38.35
1984-12-16,11.46
1984-12-21,12.53
1984-12-26,36.65
1985-01-01,1.19
1985-01-06,26.24
1985-01-11,1.03
1985-01-16,6.07
1985-01-21,0.93
1985-01-26,19.8
1985-02-01,6.08
1985-02-06,4.55
1985-02-11,4.54
1985-02-16,2.54
1985-02-21,78.12
1985-02-26,0.81
1985-03-01,50.95
1985-03-06,14.15
1985-03-11,11.97
1985-03-16,4.68
1985-03-21,4.04
1985-03-26,29.09
1985-04-01,9.04
1985-04-06,17.42
1985-04-11,15.74
1985-04-16,4.58
1985-04-21,11.41
1985-04-26,24.87
1985-05-01,4.91
1985-05-06,22.15
1985-05-11,39.92
1985-05-16,2.53
1985-05-21,10.01
1985-05-26,44.89
1985-06-01,86.25
1985-06-06,28.11
1985-06-11,45.27
1985-06-16,7.69
1985-06-21,32.16
1985-06-26,2.31
1985-07-01,3.51
1985-07-06,4.9
1985-07-11,9.89
1985-07-16,0.8
1985-07-21,32.02
1985-07-26,1.78
1985-08-01,40.35
1985-08-06,10.63
1985-08-11,30.67
1985-08-16,47.78
1985-08-21,58.25
1985-08-26,1.25
1985-09-01,1.68
1985-09-06,13.67
1985-09-11,41.17
1985-09-16,1.59
1985-09-21,84.67
1985-09-26,36.48
1985-10-01,2.47
1985-10-06,24.78
1985-10-11,33.16
1985-10-16,22.92
1985-10-21,2.25
1985-10-26,5.98
1985-11-01,1.11
1985-11-06,5.88
1985-11-11,105.16
1985-11-16,20.43
1985-11-21,1.39
1985-11-26,9.34
1985-12-01,13.6
1985-12-06,2.74
1985-12-11,20.3
1985-12-16,1.91
1985-12-21,1.17
1985-12-26,3.89
1986-01-01,4.74
1986-01-06,0.58
1986-01-11,0.67
1986-01-16,0.45
1986-01-21,1.55
1986-01-26,0.66
1986-02-01,19.24
1986-02-06,2.08
1986-02-11,7.91
1986-02-16,2.12
1986-02-21,5.67
1986-02-26,1.11
1986-03-01,2.09
1986-03-06,6.59
1986-03-11,11.52
1986-03-16,6.2
1986-03-21,2.03
1986-03-26,6.04
1986-04-01,59.88
1986-04-06,17.47
1986-04-11,6.74
1986-04-16,8.97
1986-04-21,0.84
1986-04-26,11.78
1986-05-01,9.03
1986-05-06,18.19
1986-05-11,21.44
1986-05-16,41.34
1986-05-21,7.8
1986-05-26,4.04
1986-06-01,13.33
1986-06-06,17.74
1986-06-11,31.44
1986-06-16,1.17
1986-06-21,14.34
1986-06-26,16.2
1986-07-01,25.21
1986-07-06,33.16
1986-07-11,54.98
1986-07-16,0.88
1986-07-21,0.95
1986-07-26,6.52
1986-08-01,31.28
1986-08-06,42.01
1986-08-11,17.9
1986-08-16,22.61
1986-08-21,4.21
1986-08-26,22.49
1986-09-01,2.38
1986-09-06,1.98
1986-09-11,21.39
1986-09-16,18.65
1986-09-21,9.7
1986-09-26,132.62
1986-10-01,185.93
1986-10-06,3.36
1986-10-11,12.56
1986-10-16,2.33
1986-10-21,59.87
1986-10-26,5.23
1986-11-01,22.19
1986-11-06,1.26
1986-11-11,1.72
1986-11-16,4.17
1986-11-21,3.29
1986-11-26,42.05
1986-12-01,3.41
1986-12-06,23.21
1986-12-11,0.95
1986-12-16,1.02
1986-12-21,0.77
1986-12-26,1.02
1987-01-01,8.48
1987-01-06,13.87
1987-01-11,1.28
1987-01-16,2.95
1987-01-21,1.16
1987-01-26,6.83
1987-02-01,6.99
1987-02-06,10.6
1987-02-11,33.36
1987-02-16,8.73
1987-02-21,4.36
1987-02-26,23.69
1987-03-01,20.57
1987-03-06,2.26
1987-03-11,2.35
1987-03-16,60.54
1987-03-21,27.42
1987-03-26,7.5
1987-04-01,0.96
1987-04-06,5.42
1987-04-11,32.54
1987-04-16,1.6
1987-04-21,7.56
1987-04-26,0.8
1987-05-01,45.02
1987-05-06,49.55
1987-05-11,13.39
1987-05-16,13.81
1987-05-21,16.48
1987-05-26,52.86
1987-06-01,24.46
1987-06-06,1.06
1987-06-11,4.54
1987-06-16,2.73
1987-06-21,50.99
1987-06-26,20.54
1987-07-01,37.6
1987-07-06,20.84
1987-07-11,26.03
1987-07-16,2.1
1987-07-21,0.92
1987-07-26,0.97
1987-08-01,13.27
1987-08-06,8.74
1987-08-11,54.6
1987-08-16,43.51
1987-08-21,38.13
1987-08-26,22.63
1987-09-01,1.51
1987-09-06,15.9
1987-09-11,22.74
1987-09-16,26.92
1987-09-21,1.38
1987-09-26,24.0
1987-10-01,2.2
1987-10-06,4.93
1987-10-11,2.65
1987-10-16,19.85
1987-10-21,18.1
1987-10-26,20.67
1987-11-01,1.65
1987-11-06,14.46
1987-11-11,4.57
1987-11-16,34.71
1987-11-21,40.12
1987-11-26,12.3
1987-12-01,1.1
1987-12-06,4.33
1987-12-11,11.68
1987-12-16,49.22
1987-12-21,5.78
1987-12-26,23.65
1988-01-01,0.69
1988-01-06,6.78
1988-01-11,2.84
1988-01-16,11.41
1988-01-21,0.46
1988-01-26,2.01
1988-02-01,10.12
1988-02-06,3.61
1988-02-11,3.72
1988-02-16,2.97
1988-02-21,1.65
1988-02-26,0.8
1988-03-01,36.95
1988-03-06,4.43
1988-03-11,2.17
1988-03-16,12.18
1988-03-21,2.72
1988-03-26,31.57
1988-04-01,89.02
1988-04-06,8.68
1988-04-11,0.86
1988-04-16,46.45
1988-04-21,4.35
1988-04-26,4.46
1988-05-01,6.24
1988-05-06,11.0
1988-05-11,10.56
1988-05-16,8.12
1988-05-21,14.43
1988-05-26,10.59
1988-06-01,7.85
1988-06-06,0.88
1988-06-11,0.73
1988-06-16,12.4
1988-06-21,1.0
1988-06-26,26.33
1988-07-01,28.82
1988-07-06,2.04
1988-07-11,5.2
1988-07-16,72.21
1988-07-21,1.0
1988-07-26,7.39
1988-08-01,20.91
1988-08-06,17.19
1988-08-11,20.39
1988-08-16,1.05
1988-08-21,1.86
1988-08-26,1.25
1988-09-01,1.57
1988-09-06,1.72
1988-09-11,5.64
1988-09-16,76.6
1988-09-21,4.09
1988-09-26,32.88
1988-10-01,2.84
1988-10-06,5.62
1988-10-11,2.31
1988-10-16,20.8
1988-10-21,21.05
1988-10-26,12.85
1988-11-01,0.98
1988-11-06,1.32
1988-11-11,35.65
1988-11-16,37.41
1988-11-21,1.12
1988-11-26,11.23
1988-12-01,1.18
1988-12-06,1.39
1988-12-11,1.11
1988-12-16,2.12
1988-12-21,1.15
1988-12-26,35.43
1989-01-01,0.72
1989-01-06,3.01
1989-01-11,2.22
1989-01-16,0.6
1989-01-21,3.08
1989-01-26,17.95
1989-02-01,3.49
1989-02-06,4.13
1989-02-11,8.21
1989-02-16,6.62
1989-02-21,2.08
1989-02-26,4.08
1989-03-01,8.16
1989-03-06,1.65
1989-03-11,1.61
1989-03-16,12.42
1989-03-21,1.64
1989-03-26,48.01
1989-04-01,7.62
1989-04-06,3.82
1989-04-11,3.67
1989-04-16,0.77
1989-04-21,0.92
1989-04-26,0.83
1989-05-01,6.98
1989-05-06,3.38
1989-05-11,1.74
1989-05-16,60.96
1989-05-21,44.67
1989-05-26,1.99
1989-06-01,63.15
1989-06-06,3.64
1989-06-11,34.92
1989-06-16,0.91
1989-06-21,11.73
1989-06-26,11.54
1989-07-01,1.94
1989-07-06,1.66
1989-07-11,24.94
1989-07-16,51.42
1989-07-21,10.33
1989-07-26,21.29
1989-08-01,4.86
1989-08-06,1.25
1989-08-11,1.52
1989-08-16,84.15
1989-08-21,41.74
1989-08-26,33.48
1989-09-01,13.41
1989-09-06,41.24
1989-09-11,35.09
1989-09-16,1.2
1989-09-21,1.04
1989-09-26,1.11
1989-10-01,1.84
1989-10-06,19.52
1989-10-11,1.0
1989-10-16,6.09
1989-10-21,1.56
1989-10-26,66.07
1989-11-01,0.93
1989-11-06,0.86
1989-11-11,1.97
1989-11-16,0.85
1989-11-21,0.86
1989-11-26,0.94
1989-12-01,0.8
1989-12-06,2.13
1989-12-11,4.02
1989-12-16,4.77
1989-12-21,1.75
1989-12-26,3.5
1990-01-01,4.1
1990-01-06,0.56
1990-01-11,0.62
1990-01-16,25.78
1990-01-21,0.62
1990-01-26,0.65
1990-02-01,14.29
1990-02-06,2.79
1990-02-11,21.94
1990-02-16,5.65
1990-02-21,21.62
1990-02-26,5.66
1990-03-01,5.36
1990-03-06,20.94
1990-03-11,82.96
1990-03-16,4.18
1990-03-21,7.53
1990-03-26,8.36
1990-04-01,7.51
1990-04-06,25.01
1990-04-11,11.24
1990-04-16,16.77
1990-04-21,1.45
1990-04-26,49.25
1990-05-01,35.32
1990-05-06,4.11
1990-05-11,27.69
1990-05-16,55.86
1990-05-21,10.52
1990-05-26,89.48
1990-06-01,6.26
1990-06-06,25.39
1990-06-11,26.12
1990-06-16,38.15
1990-06-21,40.79
1990-06-26,3.53
1990-07-01,0.77
1990-07-06,4.33
1990-07-11,2.54
1990-07-16,0.67
1990-07-21,39.66
1990-07-26,24.01
1990-08-01,21.45
1990-08-06,0.91
1990-08-11,34.89
1990-08-16,7.52
1990-08-21,0.89
1990-08-26,1.14
1990-09-01,1.54
1990-09-06,5.4
1990-09-11,17.46
1990-09-16,12.21
1990-09-21,5.63
1990-09-26,2.35
1990-10-01,20.68
1990-10-06,38.0
1990-10-11,1.72
1990-10-16,1.68
1990-10-21,2.1
1990-10-26,2.26
1990-11-01,28.75
1990-11-06,10.99
1990-11-11,1.24
1990-11-16,1.37
1990-11-21,1.7
1990-11-26,9.4
1990-12-01,7.31
1990-12-06,2.44
1990-12-11,1.21
1990-12-16,14.47
1990-12-21,4.06
1990-12-26,9.68
1991-01-01,1.56
1991-01-06,8.41
1991-01-11,10.54
1991-01-16,3.95
1991-01-21,4.07
1991-01-26,6.3
1991-02-01,2.16
1991-02-06,0.85
1991-02-11,1.38
1991-02-16,0.86
1991-02-21,0.97
1991-02-26,0.65
1991-03-01,11.25
1991-03-06,2.15
1991-03-11,5.61
1991-03-16,12.6
1991-03-21,3.12
1991-03-26,8.35
1991-04-01,7.97
1991-04-06,0.64
1991-04-11,31.86
1991-04-16,16.71
1991-04-21,7.22
1991-04-26,41.15
1991-05-01,44.62
1991-05-06,7.2
1991-05-11,16.8
1991-05-16,13.6
1991-05-21,26.05
1991-05-26,18.67
1991-06-01,19.37
1991-06-06,3.43
1991-06-11,6.5
1991-06-16,10.74
1991-06-21,6.09
1991-06-26,1.4
1991-07-01,0.81
1991-07-06,6.58
1991-07-11,7.75
1991-07-16,1.41
1991-07-21,21.33
1991-07-26,3.31
1991-08-01,1.57
1991-08-06,7.49
1991-08-11,1.06
1991-08-16,2.95
1991-08-21,26.13
1991-08-26,1.88
1991-09-01,34.4
1991-09-06,3.47
1991-09-11,3.19
1991-09-16,22.07
1991-09-21,14.46
1991-09-26,1.34
1991-10-01,5.54
1991-10-06,1.73
1991-10-11,1.87
1991-10-16,0.95
1991-10-21,24.54
1991-10-26,37.88
1991-11-01,17.91
1991-11-06,9.71
1991-11-11,3.79
1991-11-16,30.51
1991-11-21,1.64
1991-11-26,13.05
1991-12-01,2.43
1991-12-06,1.38
1991-12-11,30.06
1991-12-16,34.28
1991-12-21,2.01
1991-12-26,4.43
1992-01-01,6.89
1992-01-06,1.26
1992-01-11,4.27
1992-01-16,2.55
1992-01-21,5.01
1992-01-26,2.42
1992-02-01,0.77
1992-02-06,0.99
1992-02-11,16.04
1992-02-16,4.36
1992-02-21,2.28
1992-02-26,0.82
1992-03-01,22.43
1992-03-06,5.76
1992-03-11,2.69
1992-03-16,21.78
1992-03-21,11.66
1992-03-26,11.12
1992-04-01,1.05
1992-04-06,8.67
1992-04-11,19.76
1992-04-16,67.13
1992-04-21,9.04
1992-04-26,2.11
1992-05-01,1.81
1992-05-06,1.95
1992-05-11,22.64
1992-05-16,12.69
1992-05-21,9.55
1992-05-26,4.54
1992-06-01,56.49
1992-06-06,22.85
1992-06-11,38.24
1992-06-16,9.9
1992-06-21,19.08
1992-06-26,1.43
1992-07-01,82.5
1992-07-06,7.88
1992-07-11,68.62
1992-07-16,30.19
1992-07-21,60.82
1992-07-26,40.82
1992-08-01,17.64
1992-08-06,23.21
1992-08-11,8.66
1992-08-16,1.31
1992-08-21,1.22
1992-08-26,19.46
1992-09-01,23.46
1992-09-06,61.38
1992-09-11,1.57
1992-09-16,21.19
1992-09-21,2.79
1992-09-26,6.21
1992-10-01,1.81
1992-10-06,24.33
1992-10-11,1.9
1992-10-16,1.89
1992-10-21,2.1
1992-10-26,24.12
1992-11-01,36.53
1992-11-06,3.26
1992-11-11,70.36
1992-11-16,28.18
1992-11-21,73.3
1992-11-26,1.8
1992-12-01,5.61
1992-12-06,27.24
1992-12-11,77.6
1992-12-16,7.15
1992-12-21,0.74
1992-12-26,6.4
1993-01-01,14.15
1993-01-06,10.78
1993-01-11,1.46
1993-01-16,13.59
1993-01-21,1.16
1993-01-26,0.8
1993-02-01,1.61
1993-02-06,0.82
1993-02-11,15.87
1993-02-16,6.56
1993-02-21,15.71
1993-02-26,1.02
1993-03-01,14.98
1993-03-06,2.31
1993-03-11,3.25
1993-03-16,7.58
1993-03-21,10.84
1993-03-26,18.28
1993-04-01,12.1
1993-04-06,10.36
1993-04-11,25.25
1993-04-16,4.33
1993-04-21,3.7
1993-04-26,29.6
1993-05-01,20.89
1993-05-06,68.9
1993-05-11,2.82
1993-05-16,20.87
1993-05-21,2.64
1993-05-26,39.21
1993-06-01,27.08
1993-06-06,17.39
1993-06-11,8.36
1993-06-16,16.3
1993-06-21,41.86
1993-06-26,2.21
1993-07-01,19.96
1993-07-06,79.38
1993-07-11,45.71
1993-07-16,35.8
1993-07-21,4.26
1993-07-26,5.74
1993-08-01,8.1
1993-08-06,2.54
1993-08-11,11.78
1993-08-16,1.15
1993-08-21,4.78
1993-08-26,32.16
1993-09-01,28.0
1993-09-06,2.37
1993-09-11,85.34
1993-09-16,4.45
1993-09-21,125.58
1993-09-26,1.59
1993-10-01,1.4
1993-10-06,1.77
1993-10-11,1.78
1993-10-16,33.85
1993-10-21,1.91
1993-10-26,1.48
1993-11-01,1.05
1993-11-06,1.12
1993-11-11,50.24
1993-11-16,10.36
1993-11-21,6.68
1993-11-26,1.04
1993-12-01,13.87
1993-12-06,1.02
1993-12-11,10.07
1993-12-16,1.09
1993-12-21,1.02
1993-12-26,4.48
1994-01-01,6.86
1994-01-06,1.16
1994-01-11,1.63
1994-01-16,6.74
1994-01-21,0.97
1994-01-26,2.37
1994-02-01,1.62
1994-02-06,5.7
1994-02-11,2.65
1994-02-16,33.43
1994-02-21,12.97
1994-02-26,2.32
1994-03-01,7.37
1994-03-06,9.4
1994-03-11,2.03
1994-03-16,2.27
1994-03-21,1.99
1994-03-26,14.45
1994-04-01,29.42
1994-04-06,45.99
1994-04-11,114.05
1994-04-16,0.94
1994-04-21,20.27
1994-04-26,114.92
1994-05-01,4.19
1994-05-06,22.01
1994-05-11,18.35
1994-05-16,1.75
1994-05-21,1.49
1994-05-26,9.3
1994-06-01,9.52
1994-06-06,61.46
1994-06-11,2.44
1994-06-16,0.85
1994-06-21,0.92
1994-06-26,2.61
1994-07-01,22.9
1994-07-06,31.31
1994-07-11,6.71
1994-07-16,54.83
1994-07-21,15.83
1994-07-26,15.6
1994-08-01,8.97
1994-08-06,9.91
1994-08-11,2.24
1994-08-16,39.76
1994-08-21,1.09
1994-08-26,47.39
1994-09-01,3.27
1994-09-06,7.78
1994-09-11,1.41
1994-09-16,1.89
1994-09-21,31.13
1994-09-26,3.66
1994-10-01,10.98
1994-10-06,22.9
1994-10-11,3.17
1994-10-16,4.29
1994-10-21,4.88
1994-10-26,39.16
1994-11-01,38.1
1994-11-06,19.27
1994-11-11,2.81
1994-11-16,66.18
1994-11-21,14.7
1994-11-26,15.79
1994-12-01,0.96
1994-12-06,14.51
1994-12-11,2.66
1994-12-16,2.23
1994-12-21,1.66
1994-12-26,0.59
1995-01-01,1.67
1995-01-06,5.85
1995-01-11,7.26
1995-01-16,10.42
1995-01-21,0.83
1995-01-26,11.96
1995-02-01,1.86
1995-02-06,1.21
1995-02-11,6.02
1995-02-16,3.47
1995-02-21,3.43
1995-02-26,8.09
1995-03-01,4.44
1995-03-06,6.87
1995-03-11,7.13
1995-03-16,2.5
1995-03-21,3.32
1995-03-26,6.29
1995-04-01,1.15
1995-04-06,4.08
1995-04-11,26.99
1995-04-16,32.97
1995-04-21,11.79
1995-04-26,17.43
1995-05-01,39.84
1995-05-06,56.92
1995-05-11,5.11
1995-05-16,72.92
1995-05-21,41.27
1995-05-26,35.04
1995-06-01,43.75
1995-06-06,93.49
1995-06-11,0.93
1995-06-16,0.93
1995-06-21,21.75
1995-06-26,21.97
1995-07-01,13.23
1995-07-06,1.48
1995-07-11,0.73
1995-07-16,53.88
1995-07-21,4.13
1995-07-26,5.78
1995-08-01,69.49
1995-08-06,7.79
1995-08-11,6.74
1995-08-16,1.32
1995-08-21,1.17
1995-08-26,1.27
1995-09-01,22.45
1995-09-06,13.25
1995-09-11,6.61
1995-09-16,2.33
1995-09-21,4.74
1995-09-26,8.15
1995-10-01,5.67
1995-10-06,1.77
1995-10-11,1.77
1995-10-16,1.8
1995-10-21,2.18
1995-10-26,5.81
1995-11-01,8.02
1995-11-06,2.66
1995-11-11,0.97
1995-11-16,0.99
1995-11-21,7.57
1995-11-26,0.9
1995-12-01,1.27
1995-12-06,1.67
1995-12-11,4.76
1995-12-16,37.58
1995-12-21,1.61
1995-12-26,5.88
1996-01-01,4.19
1996-01-06,2.1
1996-01-11,2.58
1996-01-16,17.75
1996-01-21,3.69
1996-01-26,0.75
1996-02-01,2.84
1996-02-06,3.66
1996-02-11,3.31
1996-02-16,3.3
1996-02-21,3.13
1996-02-26,2.24
1996-03-01,1.88
1996-03-06,2.23
1996-03-11,9.02
1996-03-16,3.22
1996-03-21,14.34
1996-03-26,19.43
1996-04-01,0.77
1996-04-06,0.81
1996-04-11,5.21
1996-04-16,0.67
1996-04-21,20.35
1996-04-26,38.62
1996-05-01,17.21
1996-05-06,63.93
1996-05-11,8.66
1996-05-16,1.43
1996-05-21,4.58
1996-05-26,37.42
1996-06-01,25.46
1996-06-06,45.56
1996-06-11,5.32
1996-06-16,18.35
1996-06-21,6.35
1996-06-26,1.5
1996-07-01,48.29
1996-07-06,32.05
1996-07-11,1.67
1996-07-16,5.27
1996-07-21,19.15
1996-07-26,12.64
1996-08-01,12.21
1996-08-06,12.75
1996-08-11,2.91
1996-08-16,65.84
1996-08-21,16.24
1996-08-26,1.47
1996-09-01,2.06
1996-09-06,2.11
1996-09-11,12.28
1996-09-16,56.97
1996-09-21,15.78
1996-09-26,42.9
1996-10-01,1.76
1996-10-06,6.25
1996-10-11,1.85
1996-10-16,4.75
1996-10-21,51.04
1996-10-26,16.38
1996-11-01,3.23
1996-11-06,12.86
1996-11-11,1.54
1996-11-16,55.95
1996-11-21,10.33
1996-11-26,29.07
1996-12-01,3.0
1996-12-06,2.4
1996-12-11,1.28
1996-12-16,1.18
1996-12-21,8.65
1996-12-26,4.82
1997-01-01,3.69
1997-01-06,9.37
1997-01-11,2.31
1997-01-16,0.74
1997-01-21,4.23
1997-01-26,7.43
1997-02-01,6.49
1997-02-06,7.16
1997-02-11,4.25
1997-02-16,15.24
1997-02-21,38.67
1997-02-26,41.53
1997-03-01,3.22
1997-03-06,5.65
1997-03-11,4.76
1997-03-16,10.08
1997-03-21,21.09
1997-03-26,15.12
1997-04-01,20.09
1997-04-06,13.66
1997-04-11,38.35
1997-04-16,3.74
1997-04-21,3.2
1997-04-26,6.0
1997-05-01,19.63
1997-05-06,16.47
1997-05-11,1.8
1997-05-16,46.92
1997-05-21,2.72
1997-05-26,42.7
1997-06-01,5.42
1997-06-06,0.98
1997-06-11,43.58
1997-06-16,41.1
1997-06-21,18.13
1997-06-26,56.47
1997-07-01,9.08
1997-07-06,51.48
1997-07-11,21.94
1997-07-16,3.9
1997-07-21,11.33
1997-07-26,14.12
1997-08-01,1.25
1997-08-06,15.44
1997-08-11,11.91
1997-08-16,54.96
1997-08-21,7.76
1997-08-26,1.38
1997-09-01,17.51
1997-09-06,3.85
1997-09-11,46.22
1997-09-16,7.21
1997-09-21,37.62
1997-09-26,1.59
1997-10-01,2.57
1997-10-06,15.06
1997-10-11,13.14
1997-10-16,3.35
1997-10-21,16.89
1997-10-26,13.15
1997-11-01,5.47
1997-11-06,1.42
1997-11-11,8.74
1997-11-16,3.19
1997-11-21,0.96
1997-11-26,50.01
1997-12-01,3.72
1997-12-06,13.66
1997-12-11,1.31
1997-12-16,3.33
1997-12-21,41.27
1997-12-26,1.49
1998-01-01,23.41
1998-01-06,19.93
1998-01-11,2.34
1998-01-16,9.09
1998-01-21,4.71
1998-01-26,0.58
1998-02-01,4.18
1998-02-06,2.38
1998-02-11,4.32
1998-02-16,4.08
1998-02-21,2.4
1998-02-26,0.87
1998-03-01,2.25
1998-03-06,35.09
1998-03-11,2.7
1998-03-16,41.79
1998-03-21,2.16
1998-03-26,30.39
1998-04-01,2.63
1998-04-06,1.64
1998-04-11,10.33
1998-04-16,0.9
1998-04-21,5.26
1998-04-26,45.84
1998-05-01,2.04
1998-05-06,10.23
1998-05-11,2.38
1998-05-16,2.53
1998-05-21,19.58
1998-05-26,12.78
1998-06-01,1.53
1998-06-06,28.44
1998-06-11,22.57
1998-06-16,30.86
1998-06-21,45.43
1998-06-26,64.88
1998-07-01,1.24
1998-07-06,11.49
1998-07-11,30.07
1998-07-16,0.84
1998-07-21,110.32
1998-07-26,44.79
1998-08-01,5.82
1998-08-06,8.25
1998-08-11,1.63
1998-08-16,1.03
1998-08-21,1.05
1998-08-26,17.4
1998-09-01,2.35
1998-09-06,1.83
1998-09-11,89.71
1998-09-16,2.2
1998-09-21,99.06
1998-09-26,40.5
1998-10-01,94.7
1998-10-06,12.54
1998-10-11,1.78
1998-10-16,38.73
1998-10-21,1.87
1998-10-26,11.08
1998-11-01,24.39
1998-11-06,25.37
1998-11-11,6.51
1998-11-16,1.87
1998-11-21,1.43
1998-11-26,14.23
1998-12-01,17.65
1998-12-06,5.17
1998-12-11,1.63
1998-12-16,29.98
1998-12-21,2.15
1998-12-26,7.15
1999-01-01,11.39
1999-01-06,2.33
1999-01-11,1.32
1999-01-16,3.33
1999-01-21,9.43
1999-01-26,19.86
1999-02-01,1.12
1999-02-06,14.14
1999-02-11,5.66
1999-02-16,16.36
1999-02-21,4.16
1999-02-26,2.01
1999-03-01,5.8
1999-03-06,26.63
1999-03-11,13.75
1999-03-16,9.62
1999-03-21,4.16
1999-03-26,3.74
1999-04-01,24.34
1999-04-06,8.15
1999-04-11,79.59
1999-04-16,1.86
1999-04-21,33.57
1999-04-26,12.75
1999-05-01,40.48
1999-05-06,4.88
1999-05-11,22.12
1999-05-16,31.4
1999-05-21,24.36
1999-05-26,15.01
1999-06-01,19.59
1999-06-06,19.63
1999-06-11,1.44
1999-06-16,24.0
1999-06-21,23.89
1999-06-26,57.32
1999-07-01,8.9
1999-07-06,24.45
1999-07-11,0.8
1999-07-16,5.25
1999-07-21,0.85
1999-07-26,1.17
1999-08-01,30.82
1999-08-06,9.04
1999-08-11,1.05
1999-08-16,3.26
1999-08-21,30.94
1999-08-26,9.48
1999-09-01,2.93
1999-09-06,22.32
1999-09-11,14.2
1999-09-16,21.83
1999-09-21,2.61
1999-09-26,93.8
1999-10-01,4.02
1999-10-06,1.92
1999-10-11,1.98
1999-10-16,2.02
1999-10-21,2.08
1999-10-26,18.33
1999-11-01,1.54
1999-11-06,1.52
1999-11-11,1.49
1999-11-16,3.32
1999-11-21,29.17
1999-11-26,1.47
1999-12-01,35.22
1999-12-06,14.92
1999-12-11,0.94
1999-12-16,2.93
1999-12-21,0.93
1999-12-26,0.89
2000-01-01,5.83
2000-01-06,1.63
2000-01-11,1.0
2000-01-16,7.41
2000-01-21,3.99
2000-01-26,2.69
2000-02-01,0.94
2000-02-06,0.86
2000-02-11,2.29
2000-02-16,24.8
2000-02-21,9.19
2000-02-26,3.68
2000-03-01,14.03
2000-03-06,6.91
2000-03-11,20.77
2000-03-16,27.59
2000-03-21,16.89
2000-03-26,12.2
2000-04-01,6.68
2000-04-06,0.81
2000-04-11,2.86
2000-04-16,12.13
2000-04-21,9.19
2000-04-26,7.15
2000-05-01,6.88
2000-05-06,27.36
2000-05-11,4.28
2000-05-16,12.01
2000-05-21,9.68
2000-05-26,28.51
2000-06-01,6.65
2000-06-06,0.72
2000-06-11,55.82
2000-06-16,45.48
2000-06-21,37.35
2000-06-26,38.96
2000-07-01,3.63
2000-07-06,0.72
2000-07-11,3.32
2000-07-16,36.83
2000-07-21,19.44
2000-07-26,10.67
2000-08-01,2.17
2000-08-06,1.43
2000-08-11,0.67
2000-08-16,2.14
2000-08-21,0.93
2000-08-26,1.96
2000-09-01,3.82
2000-09-06,1.47
2000-09-11,24.36
2000-09-16,1.41
2000-09-21,23.93
2000-09-26,2.05
2000-10-01,11.83
2000-10-06,4.52
2000-10-11,10.56
2000-10-16,38.35
2000-10-21,11.49
2000-10-26,13.65
2000-11-01,9.86
2000-11-06,32.01
2000-11-11,2.54
2000-11-16,0.94
2000-11-21,9.26
2000-11-26,0.96
2000-12-01,1.62
2000-12-06,3.67
2000-12-11,18.72
2000-12-16,5.47
2000-12-21,2.02
2000-12-26,4.17
2001-01-01,0.67
2001-01-06,0.67
2001-01-11,3.03
2001-01-16,0.97
2001-01-21,0.45
2001-01-26,30.83
2001-02-01,2.23
2001-02-06,17.99
2001-02-11,8.28
2001-02-16,2.95
2001-02-21,46.06
2001-02-26,6.45
2001-03-01,3.52
2001-03-06,2.47
2001-03-11,24.5
2001-03-16,18.19
2001-03-21,3.54
2001-03-26,7.11
2001-04-01,16.04
2001-04-06,47.42
2001-04-11,19.62
2001-04-16,3.02
2001-04-21,11.13
2001-04-26,0.75
2001-05-01,10.35
2001-05-06,25.5
2001-05-11,7.59
2001-05-16,41.44
2001-05-21,9.0
2001-05-26,32.22
2001-06-01,49.69
2001-06-06,26.58
2001-06-11,19.24
2001-06-16,40.53
2001-06-21,16.83
2001-06-26,0.77
2001-07-01,10.54
2001-07-06,2.05
2001-07-11,4.34
2001-07-16,14.97
2001-07-21,1.07
2001-07-26,123.46
2001-08-01,0.79
2001-08-06,0.76
2001-08-11,1.76
2001-08-16,4.5
2001-08-21,25.51
2001-08-26,17.76
2001-09-01,2.85
2001-09-06,26.31
2001-09-11,4.44
2001-09-16,74.73
2001-09-21,14.18
2001-09-26,1.44
2001-10-01,43.91
2001-10-06,17.99
2001-10-11,10.14
2001-10-16,6.53
2001-10-21,4.18
2001-10-26,6.18
2001-11-01,6.63
2001-11-06,1.01
2001-11-11,0.98
2001-11-16,6.86
2001-11-21,5.31
2001-11-26,5.97
2001-12-01,1.0
2001-12-06,1.53
2001-12-11,20.34
2001-12-16,7.48
2001-12-21,0.82
2001-12-26,0.9
2002-01-01,2.13
2002-01-06,2.04
2002-01-11,0.72
2002-01-16,8.17
2002-01-21,2.51
2002-01-26,29.23
2002-02-01,9.34
2002-02-06,1.71
2002-02-11,1.12
2002-02-16,13.36
2002-02-21,1.11
2002-02-26,0.52
2002-03-01,10.99
2002-03-06,5.6
2002-03-11,2.76
2002-03-16,11.47
2002-03-21,4.61
2002-03-26,4.46
2002-04-01,0.9
2002-04-06,19.91
2002-04-11,11.49
2002-04-16,20.16
2002-04-21,10.94
2002-04-26,39.93
2002-05-01,2.78
2002-05-06,61.38
2002-05-11,24.32
2002-05-16,24.97
2002-05-21,64.09
2002-05-26,19.47
2002-06-01,22.88
2002-06-06,2.26
2002-06-11,58.12
2002-06-16,6.54
2002-06-21,0.8
2002-06-26,16.34
2002-07-01,1.79
2002-07-06,18.44
2002-07-11,26.77
2002-07-16,6.19
2002-07-21,14.16
2002-07-26,28.24
2002-08-01,1.59
2002-08-06,4.34
2002-08-11,14.55
2002-08-16,16.25
2002-08-21,11.65
2002-08-26,0.9
2002-09-01,4.59
2002-09-06,1.65
2002-09-11,14.85
2002-09-16,30.54
2002-09-21,1.61
2002-09-26,1.56
2002-10-01,14.93
2002-10-06,5.86
2002-10-11,2.91
2002-10-16,21.12
2002-10-21,25.49
2002-10-26,22.73
2002-11-01,2.5
2002-11-06,1.76
2002-11-11,10.95
2002-11-16,2.58
2002-11-21,0.96
2002-11-26,1.47
2002-12-01,13.88
2002-12-06,2.14
2002-12-11,2.25
2002-12-16,4.46
2002-12-21,7.91
2002-12-26,5.15
2003-01-01,5.88
2003-01-06,0.71
2003-01-11,3.09
2003-01-16,4.15
2003-01-21,1.19
2003-01-26,3.8
2003-02-01,3.23
2003-02-06,1.71
2003-02-11,36.08
2003-02-16,4.97
2003-02-21,11.25
2003-02-26,0.84
2003-03-01,4.98
2003-03-06,3.2
2003-03-11,19.43
2003-03-16,23.47
2003-03-21,5.61
2003-03-26,7.3
2003-04-01,2.87
2003-04-06,15.98
2003-04-11,2.13
2003-04-16,31.9
2003-04-21,28.64
2003-04-26,4.69
2003-05-01,26.62
2003-05-06,19.45
2003-05-11,12.74
2003-05-16,47.48
2003-05-21,8.83
2003-05-26,4.58
2003-06-01,26.76
2003-06-06,27.88
2003-06-11,8.31
2003-06-16,0.89
2003-06-21,6.88
2003-06-26,32.62
2003-07-01,0.77
2003-07-06,8.35
2003-07-11,5.84
2003-07-16,0.64
2003-07-21,9.79
2003-07-26,12.86
2003-08-01,15.24
2003-08-06,6.6
2003-08-11,8.23
2003-08-16,0.8
2003-08-21,4.46
2003-08-26,113.23
2003-09-01,30.24
2003-09-06,1.65
2003-09-11,20.57
2003-09-16,7.66
2003-09-21,18.19
2003-09-26,3.25
2003-10-01,13.47
2003-10-06,11.7
2003-10-11,7.83
2003-10-16,2.88
2003-10-21,3.91
2003-10-26,7.02
2003-11-01,1.74
2003-11-06,3.21
2003-11-11,2.97
2003-11-16,34.74
2003-11-21,10.8
2003-11-26,2.19
2003-12-01,25.39
2003-12-06,22.23
2003-12-11,18.52
2003-12-16,1.06
2003-12-21,17.56
2003-12-26,1.93
2004-01-01,6.59
2004-01-06,0.69
2004-01-11,0.78
2004-01-16,30.75
2004-01-21,6.51
2004-01-26,1.36
2004-02-01,11.97
2004-02-06,2.15
2004-02-11,0.99
2004-02-16,3.71
2004-02-21,1.3
2004-02-26,2.09
2004-03-01,73.66
2004-03-06,2.39
2004-03-11,7.73
2004-03-16,6.93
2004-03-21,2.75
2004-03-26,43.86
2004-04-01,0.85
2004-04-06,10.15
2004-04-11,3.63
2004-04-16,20.64
2004-04-21,53.07
2004-04-26,5.53
2004-05-01,12.39
2004-05-06,3.76
2004-05-11,35.44
2004-05-16,19.66
2004-05-21,15.86
2004-05-26,16.54
2004-06-01,5.7
2004-06-06,17.06
2004-06-11,70.42
2004-06-16,26.77
2004-06-21,11.75
2004-06-26,30.98
2004-07-01,69.53
2004-07-06,23.94
2004-07-11,0.83
2004-07-16,20.38
2004-07-21,25.52
2004-07-26,5.97
2004-08-01,6.38
2004-08-06,4.34
2004-08-11,6.77
2004-08-16,13.32
2004-08-21,21.34
2004-08-26,13.77
2004-09-01,1.78
2004-09-06,27.51
2004-09-11,2.14
2004-09-16,5.82
2004-09-21,1.67
2004-09-26,1.64
2004-10-01,3.75
2004-10-06,42.67
2004-10-11,19.62
2004-10-16,2.41
2004-10-21,10.32
2004-10-26,41.92
2004-11-01,36.11
2004-11-06,8.08
2004-11-11,37.22
2004-11-16,13.44
2004-11-21,41.12
2004-11-26,14.35
2004-12-01,5.8
2004-12-06,22.68
2004-12-11,0.9
2004-12-16,1.25
2004-12-21,5.58
2004-12-26,0.92
2005-01-01,59.07
2005-01-06,9.05
2005-01-11,9.46
2005-01-16,1.13
2005-01-21,1.76
2005-01-26,3.95
2005-02-01,2.52
2005-02-06,12.29
2005-02-11,12.75
2005-02-16,3.9
2005-02-21,7.9
2005-02-26,2.3
2005-03-01,2.52
2005-03-06,3.82
2005-03-11,2.3
2005-03-16,2.24
2005-03-21,21.35
2005-03-26,6.36
2005-04-01,9.03
2005-04-06,13.83
2005-04-11,13.36
2005-04-16,0.85
2005-04-21,2.93
2005-04-26,8.03
2005-05-01,2.01
2005-05-06,14.44
2005-05-11,58.24
2005-05-16,4.91
2005-05-21,21.04
2005-05-26,4.02
2005-06-01,73.61
2005-06-06,23.18
2005-06-11,63.99
2005-06-16,11.29
2005-06-21,0.76
2005-06-26,1.16
2005-07-01,48.63
2005-07-06,0.71
2005-07-11,3.04
2005-07-16,14.83
2005-07-21,0.77
2005-07-26,12.73
2005-08-01,9.19
2005-08-06,2.74
2005-08-11,62.03
2005-08-16,36.82
2005-08-21,75.67
2005-08-26,27.44
2005-09-01,2.99
2005-09-06,1.88
2005-09-11,45.03
2005-09-16,9.34
2005-09-21,3.92
2005-09-26,2.15
2005-10-01,19.55
2005-10-06,2.49
2005-10-11,2.21
2005-10-16,13.18
2005-10-21,3.13
2005-10-26,14.87
2005-11-01,2.77
2005-11-06,0.63
2005-11-11,14.33
2005-11-16,1.6
2005-11-21,0.84
2005-11-26,3.3
2005-12-01,1.82
2005-12-06,2.63
2005-12-11,6.31
2005-12-16,1.64
2005-12-21,6.39
2005-12-26,3.17
2006-01-01,0.87
2006-01-06,3.79
2006-01-11,1.18
2006-01-16,4.37
2006-01-21,1.89
2006-01-26,12.64
2006-02-01,1.49
2006-02-06,0.75
2006-02-11,1.21
2006-02-16,1.27
2006-02-21,1.01
2006-02-26,0.77
2006-03-01,10.18
2006-03-06,20.66
2006-03-11,16.35
2006-03-16,24.69
2006-03-21,4.48
2006-03-26,16.94
2006-04-01,9.05
2006-04-06,9.41
2006-04-11,5.08
2006-04-16,2.62
2006-04-21,42.58
2006-04-26,60.69
2006-05-01,32.52
2006-05-06,34.37
2006-05-11,2.33
2006-05-16,2.55
2006-05-21,8.91
2006-05-26,22.95
2006-06-01,8.23
2006-06-06,5.28
2006-06-11,7.74
2006-06-16,18.97
2006-06-21,8.01
2006-06-26,0.7
2006-07-01,17.9
2006-07-06,26.41
2006-07-11,39.6
2006-07-16,0.78
2006-07-21,2.7
2006-07-26,4.17
2006-08-01,7.63
2006-08-06,4.41
2006-08-11,15.74
2006-08-16,5.22
2006-08-21,6.15
2006-08-26,37.13
2006-09-01,3.21
2006-09-06,4.92
2006-09-11,3.07
2006-09-16,15.54
2006-09-21,19.59
2006-09-26,4.35
2006-10-01,2.04
2006-10-06,6.87
2006-10-11,11.58
2006-10-16,6.5
2006-10-21,7.06
2006-10-26,32.94
2006-11-01,1.67
2006-11-06,1.89
2006-11-11,8.55
2006-11-16,1.07
2006-11-21,3.05
2006-11-26,38.84
2006-12-01,10.93
2006-12-06,1.19
2006-12-11,3.45
2006-12-16,26.01
2006-12-21,3.24
2006-12-26,37.07
2007-01-01,0.96
2007-01-06,0.78
2007-01-11,15.64
2007-01-16,4.16
2007-01-21,7.33
2007-01-26,0.72
2007-02-01,2.23
2007-02-06,1.23
2007-02-11,7.61
2007-02-16,1.44
2007-02-21,7.75
2007-02-26,1.03
2007-03-01,5.08
2007-03-06,5.22
2007-03-11,4.36
2007-03-16,9.39
2007-03-21,25.46
2007-03-26,31.64
2007-04-01,3.6
2007-04-06,1.13
2007-04-11,64.98
2007-04-16,7.93
2007-04-21,25.0
2007-04-26,1.97
2007-05-01,34.24
2007-05-06,89.65
2007-05-11,13.26
2007-05-16,3.96
2007-05-21,8.51
2007-05-26,33.01
2007-06-01,43.31
2007-06-06,17.7
2007-06-11,31.86
2007-06-16,37.29
2007-06-21,1.23
2007-06-26,188.33
2007-07-01,41.41
2007-07-06,5.45
2007-07-11,14.28
2007-07-16,2.39
2007-07-21,17.98
2007-07-26,53.75
2007-08-01,0.84
2007-08-06,2.05
2007-08-11,0.71
2007-08-16,10.65
2007-08-21,16.51
2007-08-26,3.8
2007-09-01,4.39
2007-09-06,20.84
2007-09-11,6.79
2007-09-16,9.61
2007-09-21,6.8
2007-09-26,4.95
2007-10-01,21.62
2007-10-06,21.57
2007-10-11,18.27
2007-10-16,12.2
2007-10-21,35.18
2007-10-26,3.76
2007-11-01,0.89
2007-11-06,0.89
2007-11-11,0.88
2007-11-16,0.91
2007-11-21,4.1
2007-11-26,1.5
2007-12-01,10.17
2007-12-06,14.84
2007-12-11,4.12
2007-12-16,2.57
2007-12-21,3.12
2007-12-26,7.35
2008-01-01,1.98
2008-01-06,12.71
2008-01-11,0.99
2008-01-16,1.03
2008-01-21,0.8
2008-01-26,3.84
2008-02-01,12.71
2008-02-06,2.25
2008-02-11,4.11
2008-02-16,20.81
2008-02-21,18.34
2008-02-26,1.9
2008-03-01,18.73
2008-03-06,3.16
2008-03-11,5.85
2008-03-16,40.04
2008-03-21,2.86
2008-03-26,15.68
2008-04-01,1.74
2008-04-06,66.56
2008-04-11,1.12
2008-04-16,17.38
2008-04-21,28.62
2008-04-26,1.66
2008-05-01,34.68
2008-05-06,49.41
2008-05-11,7.94
2008-05-16,2.22
2008-05-21,44.44
2008-05-26,48.69
2008-06-01,22.96
2008-06-06,79.34
2008-06-11,32.94
2008-06-16,15.92
2008-06-21,11.46
2008-06-26,43.13
2008-07-01,4.63
2008-07-06,22.65
2008-07-11,10.68
2008-07-16,1.04
2008-07-21,3.44
2008-07-26,58.75
2008-08-01,0.87
2008-08-06,49.45
2008-08-11,3.86
2008-08-16,1.89
2008-08-21,8.85
2008-08-26,24.11
2008-09-01,31.76
2008-09-06,17.56
2008-09-11,111.32
2008-09-16,1.68
2008-09-21,7.23
2008-09-26,3.66
2008-10-01,2.23
2008-10-06,13.52
2008-10-11,7.93
2008-10-16,5.59
2008-10-21,54.13
2008-10-26,3.64
2008-11-01,0.94
2008-11-06,31.89
2008-11-11,14.36
2008-11-16,1.08
2008-11-21,1.07
2008-11-26,9.81
2008-12-01,1.48
2008-12-06,21.82
2008-12-11,3.64
2008-12-16,11.03
2008-12-21,4.66
2008-12-26,19.55
2009-01-01,0.8
2009-01-06,0.76
2009-01-11,1.57
2009-01-16,2.19
2009-01-21,0.66
2009-01-26,4.13
2009-02-01,1.0
2009-02-06,4.34
2009-02-11,17.76
2009-02-16,1.07
2009-02-21,1.52
2009-02-26,1.16
2009-03-01,3.19
2009-03-06,25.25
2009-03-11,3.03
2009-03-16,3.61
2009-03-21,18.32
2009-03-26,51.02
2009-04-01,9.99
2009-04-06,21.51
2009-04-11,24.05
2009-04-16,43.36
2009-04-21,6.63
2009-04-26,107.83
2009-05-01,25.12
2009-05-06,38.14
2009-05-11,32.91
2009-05-16,18.96
2009-05-21,3.33
2009-05-26,9.0
2009-06-01,10.49
2009-06-06,46.26
2009-06-11,24.56
2009-06-16,59.65
2009-06-21,4.76
2009-06-26,8.44
2009-07-01,15.99
2009-07-06,10.23
2009-07-11,16.22
2009-07-16,8.22
2009-07-21,34.97
2009-07-26,9.61
2009-08-01,8.69
2009-08-06,4.35
2009-08-11,20.57
2009-08-16,63.05
2009-08-21,0.81
2009-08-26,12.06
2009-09-01,50.03
2009-09-06,72.22
2009-09-11,2.03
2009-09-16,2.97
2009-09-21,39.48
2009-09-26,4.05
2009-10-01,8.41
2009-10-06,88.15
2009-10-11,18.44
2009-10-16,3.19
2009-10-21,24.03
2009-10-26,38.46
2009-11-01,1.38
2009-11-06,13.38
2009-11-11,14.36
2009-11-16,7.68
2009-11-21,1.38
2009-11-26,2.89
2009-12-01,3.56
2009-12-06,7.89
2009-12-11,1.91
2009-12-16,0.82
2009-12-21,49.26
2009-12-26,6.88
2010-01-01,1.39
2010-01-06,1.29
2010-01-11,0.71
2010-01-16,2.79
2010-01-21,7.52
2010-01-26,13.74
2010-02-01,11.17
2010-02-06,4.3
2010-02-11,1.42
2010-02-16,8.57
2010-02-21,26.19
2010-02-26,1.79
2010-03-01,4.34
2010-03-06,10.0
2010-03-11,8.09
2010-03-16,10.13
2010-03-21,15.09
2010-03-26,17.26
2010-04-01,9.85
2010-04-06,10.55
2010-04-11,0.86
2010-04-16,5.43
2010-04-21,55.86
2010-04-26,6.81
2010-05-01,7.79
2010-05-06,13.42
2010-05-11,72.39
2010-05-16,29.42
2010-05-21,4.12
2010-05-26,11.02
2010-06-01,10.75
2010-06-06,60.25
2010-06-11,39.07
2010-06-16,13.42
2010-06-21,16.27
2010-06-26,3.7
2010-07-01,9.97
2010-07-06,11.1
2010-07-11,43.93
2010-07-16,2.07
2010-07-21,89.2
2010-07-26,9.68
2010-08-01,2.95
2010-08-06,0.81
2010-08-11,13.28
2010-08-16,9.82
2010-08-21,3.25
2010-08-26,0.97
2010-09-01,110.46
2010-09-06,20.94
2010-09-11,72.03
2010-09-16,42.52
2010-09-21,14.27
2010-09-26,2.22
2010-10-01,1.79
2010-10-06,2.34
2010-10-11,8.41
2010-10-16,1.6
2010-10-21,9.19
2010-10-26,5.35
2010-11-01,3.06
2010-11-06,1.91
2010-11-11,12.01
2010-11-16,24.83
2010-11-21,18.9
2010-11-26,1.78
2010-12-01,0.98
2010-12-06,3.16
2010-12-11,2.47
2010-12-16,3.56
2010-12-21,5.45
2010-12-26,8.15
2011-01-01,0.66
2011-01-06,3.29
2011-01-11,4.21
2011-01-16,5.1
2011-01-21,1.98
2011-01-26,0.49
2011-02-01,20.55
2011-02-06,12.31
2011-02-11,1.21
2011-02-16,1.64
2011-02-21,26.95
2011-02-26,4.58
2011-03-01,3.17
2011-03-06,15.85
2011-03-11,8.72
2011-03-16,12.85
2011-03-21,4.87
2011-03-26,9.33
2011-04-01,16.52
2011-04-06,7.49
2011-04-11,17.26
2011-04-16,2.7
2011-04-21,25.68
2011-04-26,10.02
2011-05-01,4.64
2011-05-06,3.22
2011-05-11,22.52
2011-05-16,34.35
2011-05-21,46.8
2011-05-26,16.75
2011-06-01,10.15
2011-06-06,4.34
2011-06-11,26.33
2011-06-16,37.4
2011-06-21,14.92
2011-06-26,8.03
2011-07-01,13.82
2011-07-06,12.41
2011-07-11,5.31
2011-07-16,0.72
2011-07-21,16.59
2011-07-26,11.07
2011-08-01,22.23
2011-08-06,19.91
2011-08-11,26.7
2011-08-16,10.53
2011-08-21,0.92
2011-08-26,0.87
2011-09-01,3.62
2011-09-06,1.79
2011-09-11,6.97
2011-09-16,33.66
2011-09-21,7.19
2011-09-26,1.47
2011-10-01,2.1
2011-10-06,4.44
2011-10-11,3.14
2011-10-16,5.0
2011-10-21,2.08
2011-10-26,4.14
2011-11-01,18.18
2011-11-06,90.89
2011-11-11,7.13
2011-11-16,4.42
2011-11-21,16.69
2011-11-26,28.11
2011-12-01,18.95
2011-12-06,0.96
2011-12-11,22.78
2011-12-16,42.19
2011-12-21,2.38
2011-12-26,1.49
2012-01-01,1.29
2012-01-06,1.92
2012-01-11,0.75
2012-01-16,1.55
2012-01-21,2.11
2012-01-26,0.47
2012-02-01,23.37
2012-02-06,1.73
2012-02-11,4.62
2012-02-16,5.43
2012-02-21,3.64
2012-02-26,1.12
2012-03-01,2.91
2012-03-06,17.13
2012-03-11,18.48
2012-03-16,60.17
2012-03-21,30.49
2012-03-26,5.88
2012-04-01,7.9
2012-04-06,5.42
2012-04-11,43.44
2012-04-16,4.18
2012-04-21,0.78
2012-04-26,55.25
2012-05-01,24.84
2012-05-06,19.31
2012-05-11,1.83
2012-05-16,4.56
2012-05-21,3.2
2012-05-26,20.34
2012-06-01,10.63
2012-06-06,0.71
2012-06-11,9.4
2012-06-16,3.81
2012-06-21,23.66
2012-06-26,0.76
2012-07-01,2.0
2012-07-06,12.27
2012-07-11,5.92
2012-07-16,8.12
2012-07-21,0.85
2012-07-26,8.53
2012-08-01,6.3
2012-08-06,3.54
2012-08-11,13.65
2012-08-16,3.42
2012-08-21,1.9
2012-08-26,36.44
2012-09-01,25.31
2012-09-06,20.94
2012-09-11,16.76
2012-09-16,6.29
2012-09-21,2.09
2012-09-26,66.44
2012-10-01,4.23
2012-10-06,2.06
2012-10-11,53.66
2012-10-16,2.58
2012-10-21,2.17
2012-10-26,3.88
2012-11-01,0.81
2012-11-06,0.85
2012-11-11,24.0
2012-11-16,2.57
2012-11-21,0.83
2012-11-26,0.8
2012-12-01,1.92
2012-12-06,0.7
2012-12-11,8.92
2012-12-16,4.13
2012-12-21,2.23
2012-12-26,7.46
2013-01-01,1.96
2013-01-06,7.36
2013-01-11,10.65
2013-01-16,0.72
2013-01-21,1.45
2013-01-26,39.85
2013-02-01,2.48
2013-02-06,17.23
2013-02-11,2.22
2013-02-16,3.82
2013-02-21,23.32
2013-02-26,12.13
2013-03-01,3.87
2013-03-06,14.03
2013-03-11,3.58
2013-03-16,9.78
2013-03-21,17.44
2013-03-26,37.57
2013-04-01,4.05
2013-04-06,50.74
2013-04-11,3.09
2013-04-16,24.92
2013-04-21,29.74
2013-04-26,27.87
2013-05-01,32.71
2013-05-06,17.61
2013-05-11,1.53
2013-05-16,37.1
2013-05-21,14.27
2013-05-26,60.91
2013-06-01,43.86
2013-06-06,15.43
2013-06-11,5.08
2013-06-16,56.96
2013-06-21,5.37
2013-06-26,25.25
2013-07-01,2.24
2013-07-06,6.86
2013-07-11,1.54
2013-07-16,6.88
2013-07-21,16.28
2013-07-26,87.62
2013-08-01,78.73
2013-08-06,71.11
2013-08-11,6.39
2013-08-16,4.08
2013-08-21,1.16
2013-08-26,1.6
2013-09-01,6.56
2013-09-06,1.71
2013-09-11,3.04
2013-09-16,24.11
2013-09-21,1.81
2013-09-26,18.71
2013-10-01,21.02
2013-10-06,1.88
2013-10-11,29.36
2013-10-16,4.95
2013-10-21,1.87
2013-10-26,112.96
2013-11-01,9.84
2013-11-06,4.35
2013-11-11,3.44
2013-11-16,6.35
2013-11-21,29.12
2013-11-26,1.6
2013-12-01,4.79
2013-12-06,4.6
2013-12-11,2.71
2013-12-16,2.82
2013-12-21,19.84
2013-12-26,1.36
2014-01-01,1.94
2014-01-06,7.1
2014-01-11,1.19
2014-01-16,0.69
2014-01-21,0.73
2014-01-26,4.1
2014-02-01,11.76
2014-02-06,3.07
2014-02-11,1.71
2014-02-16,4.07
2014-02-21,1.11
2014-02-26,1.48
2014-03-01,7.38
2014-03-06,3.16
2014-03-11,4.88
2014-03-16,11.67
2014-03-21,3.59
2014-03-26,9.68
2014-04-01,22.38
2014-04-06,3.89
2014-04-11,19.72
2014-04-16,4.33
2014-04-21,22.84
2014-04-26,26.31
2014-05-01,2.79
2014-05-06,17.31
2014-05-11,22.04
2014-05-16,3.16
2014-05-21,14.59
2014-05-26,30.75
2014-06-01,30.6
2014-06-06,69.74
2014-06-11,23.49
2014-06-16,3.36
2014-06-21,28.33
2014-06-26,28.98
2014-07-01,15.19
2014-07-06,26.46
2014-07-11,1.85
2014-07-16,4.13
2014-07-21,1.79
2014-07-26,10.21
2014-08-01,2.52
2014-08-06,37.58
2014-08-11,2.09
2014-08-16,10.87
2014-08-21,1.44
2014-08-26,2.95
2014-09-01,91.28
2014-09-06,15.53
2014-09-11,1.79
2014-09-16,31.92
2014-09-21,5.01
2014-09-26,1.88
2014-10-01,37.65
2014-10-06,34.85
2014-10-11,23.93
2014-10-16,3.66
2014-10-21,11.29
2014-10-26,20.01
2014-11-01,22.02
2014-11-06,1.65
2014-11-11,1.0
2014-11-16,9.17
2014-11-21,4.22
2014-11-26,5.39
2014-12-01,16.82
2014-12-06,3.02
2014-12-11,13.72
2014-12-16,9.41
2014-12-21,2.72
2014-12-26,11.83
2015-01-01,6.72
2015-01-06,1.85
2015-01-11,0.78
2015-01-16,1.77
2015-01-21,3.04
2015-01-26,4.13
2015-02-01,13.33
2015-02-06,1.24
2015-02-11,1.09
2015-02-16,2.67
2015-02-21,3.61
2015-02-26,1.51
2015-03-01,10.4
2015-03-06,4.11
2015-03-11,3.13
2015-03-16,4.8
2015-03-21,8.75
2015-03-26,10.59
2015-04-01,17.77
2015-04-06,17.72
2015-04-11,48.83
2015-04-16,28.67
2015-04-21,5.91
2015-04-26,3.87
2015-05-01,1.65
2015-05-06,60.82
2015-05-11,27.04
2015-05-16,67.13
2015-05-21,61.79
2015-05-26,46.82
2015-06-01,14.77
2015-06-06,3.02
2015-06-11,15.3
2015-06-16,26.19
2015-06-21,3.4
2015-06-26,22.5
2015-07-01,10.76
2015-07-06,70.8
2015-07-11,16.36
2015-07-16,23.19
2015-07-21,9.1
2015-07-26,2.14
2015-08-01,17.33
2015-08-06,38.25
2015-08-11,3.5
2015-08-16,17.29
2015-08-21,25.79
2015-08-26,45.85
2015-09-01,1.79
2015-09-06,20.26
2015-09-11,24.45
2015-09-16,14.7
2015-09-21,3.56
2015-09-26,1.92
2015-10-01,1.78
2015-10-06,15.94
2015-10-11,1.74
2015-10-16,1.93
2015-10-21,11.18
2015-10-26,26.54
2015-11-01,3.9
2015-11-06,1.5
2015-11-11,1.13
2015-11-16,58.64
2015-11-21,2.31
2015-11-26,82.55
2015-12-01,1.77
2015-12-06,1.9
2015-12-11,49.01
2015-12-16,3.48
2015-12-21,2.24
2015-12-26,53.03
2016-01-01,0.82
2016-01-06,17.46
2016-01-11,0.87
2016-01-16,2.18
2016-01-21,3.19
2016-01-26,2.22
2016-02-01,2.23
2016-02-06,1.01
2016-02-11,2.26
2016-02-16,3.28
2016-02-21,6.25
2016-02-26,0.84
2016-03-01,3.18
2016-03-06,19.94
2016-03-11,7.67
2016-03-16,3.02
2016-03-21,2.86
2016-03-26,21.91
2016-04-01,1.59
2016-04-06,5.51
2016-04-11,29.9
2016-04-16,34.65
2016-04-21,1.46
2016-04-26,54.68
2016-05-01,1.95
2016-05-06,13.19
2016-05-11,8.4
2016-05-16,29.83
2016-05-21,39.09
2016-05-26,28.75
2016-06-01,8.59
2016-06-06,1.95
2016-06-11,1.93
2016-06-16,19.34
2016-06-21,14.57
2016-06-26,14.82
2016-07-01,60.82
2016-07-06,23.17
2016-07-11,34.35
2016-07-16,1.83
2016-07-21,15.53
2016-07-26,26.24
2016-08-01,12.41
2016-08-06,68.01
2016-08-11,19.78
2016-08-16,33.94
2016-08-21,7.83
2016-08-26,34.19
2016-09-01,3.79
2016-09-06,109.55
2016-09-11,5.79
2016-09-16,37.33
2016-09-21,4.79
2016-09-26,4.46
2016-10-01,12.25
2016-10-06,54.9
2016-10-11,37.86
2016-10-16,3.9
2016-10-21,3.98
2016-10-26,37.13
2016-11-01,8.49
2016-11-06,3.71
2016-11-11,1.28
2016-11-16,2.05
2016-11-21,5.9
2016-11-26,11.73
2016-12-01,9.1
2016-12-06,1.34
2016-12-11,9.75
2016-12-16,9.79
2016-12-21,6.38
2016-12-26,2.83
2017-01-01,1.7
2017-01-06,3.41
2017-01-11,12.69
2017-01-16,11.04
2017-01-21,11.0
2017-01-26,0.69
2017-02-01,1.0
2017-02-06,1.38
2017-02-11,4.9
2017-02-16,1.68
2017-02-21,1.63
2017-02-26,2.71
2017-03-01,7.43
2017-03-06,16.93
2017-03-11,4.21
2017-03-16,2.54
2017-03-21,4.52
2017-03-26,36.97
2017-04-01,43.72
2017-04-06,2.41
2017-04-11,6.04
2017-04-16,61.72
2017-04-21,29.9
2017-04-26,98.52
2017-05-01,33.51
2017-05-06,3.06
2017-05-11,26.04
2017-05-16,32.96
2017-05-21,2.54
2017-05-26,10.89
2017-06-01,7.88
2017-06-06,0.98
2017-06-11,8.91
2017-06-16,52.94
2017-06-21,1.39
2017-06-26,24.23
2017-07-01,32.37
2017-07-06,1.64
2017-07-11,29.28
2017-07-16,1.46
2017-07-21,11.74
2017-07-26,33.07
2017-08-01,26.27
2017-08-06,41.9
2017-08-11,23.79
2017-08-16,22.17
2017-08-21,18.01
2017-08-26,4.55
2017-09-01,1.52
2017-09-06,1.52
2017-09-11,1.52
2017-09-16,55.52
2017-09-21,1.59
2017-09-26,5.55
2017-10-01,20.78
2017-10-06,21.87
2017-10-11,34.76
2017-10-16,1.86
2017-10-21,47.14
2017-10-26,2.4
2017-11-01,2.34
2017-11-06,0.73
2017-11-11,2.46
2017-11-16,3.16
2017-11-21,3.23
2017-11-26,0.96
2017-12-01,2.19
2017-12-06,0.8
2017-12-11,0.66
2017-12-16,8.41
2017-12-21,3.34
2017-12-26,1.94
2018-01-01,0.91
2018-01-06,13.27
2018-01-11,4.58
2018-01-16,0.73
2018-01-21,1.43
2018-01-26,3.17
2018-02-01,1.46
2018-02-06,1.45
2018-02-11,2.46
2018-02-16,13.87
2018-02-21,35.77
2018-02-26,2.31
2018-03-01,3.33
2018-03-06,3.15
2018-03-11,2.73
2018-03-16,21.65
2018-03-21,3.23
2018-03-26,24.17
2018-04-01,3.05
2018-04-06,3.0
2018-04-11,6.17
2018-04-16,0.8
2018-04-21,15.8
2018-04-26,1.98
2018-05-01,32.26
2018-05-06,17.11
2018-05-11,39.42
2018-05-16,41.62
2018-05-21,16.63
2018-05-26,21.03
2018-06-01,7.9
2018-06-06,4.83
2018-06-11,25.82
2018-06-16,1.18
2018-06-21,20.7
2018-06-26,15.78
2018-07-01,30.73
2018-07-06,1.47
2018-07-11,8.02
2018-07-16,20.33
2018-07-21,2.22
2018-07-26,34.04
2018-08-01,2.48
2018-08-06,29.92
2018-08-11,13.88
2018-08-16,77.57
2018-08-21,39.93
2018-08-26,51.31
2018-09-01,6.05
2018-09-06,59.77
2018-09-11,1.83
2018-09-16,1.84
2018-09-21,15.21
2018-09-26,6.59
2018-10-01,43.18
2018-10-06,65.52
2018-10-11,8.11
2018-10-16,5.88
2018-10-21,20.56
2018-10-26,44.08
2018-11-01,21.29
2018-11-06,5.76
2018-11-11,7.75
2018-11-16,1.3
2018-11-21,4.03
2018-11-26,8.01
2018-12-01,21.51
2018-12-06,2.54
2018-12-11,2.98
2018-12-16,0.68
2018-12-21,1.48
2018-12-26,40.19
2019-01-01,16.46
2019-01-06,2.62
2019-01-11,26.21
2019-01-16,2.46
2019-01-21,8.0
2019-01-26,2.93
2019-02-01,1.8
2019-02-06,14.88
2019-02-11,8.69
2019-02-16,9.65
2019-02-21,6.56
2019-02-26,0.54
2019-03-01,6.46
2019-03-06,18.88
2019-03-11,49.23
2019-03-16,3.41
2019-03-21,7.63
2019-03-26,32.97
2019-04-01,9.27
2019-04-06,11.08
2019-04-11,6.84
2019-04-16,17.69
2019-04-21,10.87
2019-04-26,36.19
2019-05-01,68.19
2019-05-06,70.6
2019-05-11,9.5
2019-05-16,28.72
2019-05-21,165.56
2019-05-26,32.63
2019-06-01,8.29
2019-06-06,2.8
2019-06-11,18.78
2019-06-16,32.64
2019-06-21,70.75
2019-06-26,13.51
2019-07-01,31.22
2019-07-06,34.14
2019-07-11,1.68
2019-07-16,1.3
2019-07-21,17.19
2019-07-26,17.75
2019-08-01,71.51
2019-08-06,71.35
2019-08-11,42.15
2019-08-16,73.73
2019-08-21,34.03
2019-08-26,51.09
2019-09-01,1.97
2019-09-06,2.15
2019-09-11,17.99
2019-09-16,1.92
2019-09-21,58.87
2019-09-26,56.23
2019-10-01,18.7
2019-10-06,33.88
2019-10-11,3.01
2019-10-16,4.5
2019-10-21,18.43
2019-10-26,21.83
2019-11-01,1.08
2019-11-06,7.02
2019-11-11,2.67
2019-11-16,7.34
2019-11-21,7.59
2019-11-26,20.58
2019-12-01,1.02
2019-12-06,1.87
2019-12-11,1.73
2019-12-16,4.48
2019-12-21,0.76
2019-12-26,33.66
2020-01-01,0.83
2020-01-06,9.65
2020-01-11,21.78
2020-01-16,15.8
2020-01-21,7.01
2020-01-26,4.46
2020-02-01,3.62
2020-02-06,1.38
2020-02-11,8.4
2020-02-16,1.85
2020-02-21,28.79
2020-02-26,1.33
2020-03-01,3.64
2020-03-06,20.55
2020-03-11,32.32
2020-03-16,32.26
2020-03-21,21.25
2020-03-26,22.72
2020-04-01,9.06
2020-04-06,1.09
2020-04-11,17.58
2020-04-16,2.53
2020-04-21,52.15
2020-04-26,12.31
2020-05-01,26.55
2020-05-06,14.29
2020-05-11,59.85
2020-05-16,8.04
2020-05-21,22.46
2020-05-26,48.19
2020-06-01,7.82
2020-06-06,1.24
2020-06-11,1.07
2020-06-16,7.35
2020-06-21,3.72
2020-06-26,23.16
2020-07-01,10.65
2020-07-06,14.87
2020-07-11,12.36
2020-07-16,18.16
2020-07-21,12.85
2020-07-26,47.68
2020-08-01,2.42
2020-08-06,36.51
2020-08-11,6.55
2020-08-16,2.0
2020-08-21,1.41
2020-08-26,21.43
2020-09-01,5.29
2020-09-06,35.66
2020-09-11,7.31
2020-09-16,2.11
2020-09-21,2.02
2020-09-26,5.75
2020-10-01,1.72
2020-10-06,1.7
2020-10-11,1.69
2020-10-16,2.93
2020-10-21,15.8
2020-10-26,42.91
2020-11-01,1.24
2020-11-06,1.87
2020-11-11,2.73
2020-11-16,1.28
2020-11-21,42.9
2020-11-26,5.2
2020-12-01,8.81
2020-12-06,0.89
2020-12-11,5.29
2020-12-16,3.27
2020-12-21,0.81
2020-12-26,17.75
2021-01-01,22.41
2021-01-06,9.76
2021-01-11,2.55
2021-01-16,0.76
2021-01-21,14.18
2021-01-26,34.01
2021-02-01,1.3
2021-02-06,2.7
2021-02-11,8.05
2021-02-16,3.43
2021-02-21,1.24
2021-02-26,0.57
2021-03-01,4.1
2021-03-06,3.51
2021-03-11,95.29
2021-03-16,49.6
2021-03-21,12.17
2021-03-26,7.92
2021-04-01,0.86
2021-04-06,20.24
2021-04-11,0.89
2021-04-16,6.48
2021-04-21,21.59
2021-04-26,15.31
2021-05-01,18.02
2021-05-06,27.03
2021-05-11,12.83
2021-05-16,69.82
2021-05-21,21.09
2021-05-26,25.68
2021-06-01,3.37
2021-06-06,1.22
2021-06-11,22.14
2021-06-16,1.52
2021-06-21,15.57
2021-06-26,105.52
2021-07-01,11.28
2021-07-06,21.84
2021-07-11,27.81
2021-07-16,72.96
2021-07-21,4.04
2021-07-26,6.05
2021-08-01,3.52
2021-08-06,11.35
2021-08-11,33.87
2021-08-16,4.9
2021-08-21,16.09
2021-08-26,2.18
2021-09-01,118.74
2021-09-06,6.46
2021-09-11,21.54
2021-09-16,2.55
2021-09-21,4.22
2021-09-26,9.96
2021-10-01,9.79
2021-10-06,3.4
2021-10-11,95.65
2021-10-16,2.72
2021-10-21,24.29
2021-10-26,12.27
2021-11-01,3.16
2021-11-06,5.72
2021-11-11,19.52
2021-11-16,1.87
2021-11-21,4.51
2021-11-26,0.98
2021-12-01,2.51
2021-12-06,10.81
2021-12-11,2.03
2021-12-16,4.41
2021-12-21,3.52
2021-12-26,31.32
2022-01-01,4.09
2022-01-06,3.44
2022-01-11,4.07
2022-01-16,1.39
2022-01-21,0.57
2022-01-26,1.16
2022-02-01,14.9
2022-02-06,1.7
2022-02-11,1.14
2022-02-16,9.33
2022-02-21,4.07
2022-02-26,0.49
2022-03-01,3.04
2022-03-06,10.65
2022-03-11,7.57
2022-03-16,7.23
2022-03-21,43.49
2022-03-26,26.74
2022-04-01,2.1
2022-04-06,1.91
2022-04-11,10.63
2022-04-16,4.59
2022-04-21,23.92
2022-04-26,34.06
2022-05-01,78.9
2022-05-06,8.51
2022-05-11,7.86
2022-05-16,41.39
2022-05-21,45.46
2022-05-26,24.16
2022-06-01,56.86
2022-06-06,39.1
2022-06-11,9.45
2022-06-16,1.09
2022-06-21,12.72
2022-06-26,12.87
2022-07-01,43.79
2022-07-06,2.86
2022-07-11,4.38
2022-07-16,3.35
2022-07-21,2.94
2022-07-26,16.45
2022-08-01,10.77
2022-08-06,3.92
2022-08-11,1.72
2022-08-16,22.2
2022-08-21,1.69
2022-08-26,23.98
2022-09-01,3.26
2022-09-06,1.71
2022-09-11,6.11
2022-09-16,4.61
2022-09-21,7.29
2022-09-26,1.88
2022-10-01,1.8
2022-10-06,1.72
2022-10-11,15.55
2022-10-16,1.85
2022-10-21,25.07
2022-10-26,3.4
2022-11-01,39.26
2022-11-06,3.84
2022-11-11,17.96
2022-11-16,1.6
2022-11-21,1.27
2022-11-26,34.73
2022-12-01,7.17
2022-12-06,22.11
2022-12-11,8.95
2022-12-16,3.39
2022-12-21,4.28
2022-12-26,9.19
2023-01-01,11.59
2023-01-06,2.76
2023-01-11,8.33
2023-01-16,14.34
2023-01-21,15.13
2023-01-26,0.87
2023-02-01,1.49
2023-02-06,8.61
2023-02-11,13.61
2023-02-16,4.36
2023-02-21,12.67
2023-02-26,6.83
2023-03-01,9.81
2023-03-06,11.92
2023-03-11,4.22
2023-03-16,7.33
2023-03-21,14.44
2023-03-26,7.15
2023-04-01,6.43
2023-04-06,2.32
2023-04-11,5.42
2023-04-16,4.31
2023-04-21,3.11
2023-04-26,6.22
2023-05-01,10.53
2023-05-06,24.85
2023-05-11,31.59
2023-05-16,11.82
2023-05-21,6.61
2023-05-26,22.83
2023-06-01,13.21
2023-06-06,15.57
2023-06-11,8.59
2023-06-16,8.27
2023-06-21,5.05
2023-06-26,6.36
2023-07-01,29.73
2023-07-06,6.05
2023-07-11,41.32
2023-07-16,12.93
2023-07-21,10.34
2023-07-26,24.69
2023-08-01,6.02
2023-08-06,21.08
2023-08-11,30.94
2023-08-16,1.4
2023-08-21,1.73
2023-08-26,3.12
2023-09-01,1.86
2023-09-06,4.74
2023-09-11,7.04
2023-09-16,14.66
2023-09-21,43.36
2023-09-26,1.79
2023-10-01,18.9
2023-10-06,2.28
2023-10-11,3.26
2023-10-16,2.25
2023-10-21,7.7
2023-10-26,52.83
2023-11-01,1.25
2023-11-06,1.81
2023-11-11,1.24
2023-11-16,22.89
2023-11-21,2.36
2023-11-26,2.46
2023-12-01,23.94
2023-12-06,1.61
2023-12-11,4.64
2023-12-16,2.4
2023-12-21,29.38
2023-12-26,1.72
2024-01-01,4.79
2024-01-06,27.26
2024-01-11,5.8
2024-01-16,2.82
2024-01-21,17.33
2024-01-26,1.29
2024-02-01,21.53
2024-02-06,2.19
2024-02-11,1.36
2024-02-16,1.04
2024-02-21,1.32
2024-02-26,2.05
2024-03-01,2.87
2024-03-06,35.84
2024-03-11,13.56
2024-03-16,2.56
2024-03-21,5.5
2024-03-26,4.46
2024-04-01,37.28
2024-04-06,12.52
2024-04-11,6.71
2024-04-16,5.21
2024-04-21,14.51
2024-04-26,158.09
2024-05-01,24.83
2024-05-06,27.25
2024-05-11,7.27
2024-05-16,35.57
2024-05-21,7.3
2024-05-26,31.97
2024-06-01,39.48
2024-06-06,58.12
2024-06-11,3.35
2024-06-16,1.52
2024-06-21,3.01
2024-06-26,47.11
2024-07-01,11.09
2024-07-06,2.05
2024-07-11,14.13
2024-07-16,3.22
2024-07-21,2.96
2024-07-26,4.29
2024-08-01,12.67
2024-08-06,9.24
2024-08-11,33.97
2024-08-16,13.62
2024-08-21,1.89
2024-08-26,3.23
2024-09-01,1.66
2024-09-06,4.85
2024-09-11,1.6
2024-09-16,10.27
2024-09-21,42.93
2024-09-26,1.81
2024-10-01,2.64
2024-10-06,1.8
2024-10-11,1.83
2024-10-16,1.85
2024-10-21,10.67
2024-10-26,29.77
2024-11-01,90.71
2024-11-06,21.99
2024-11-11,18.93
2024-11-16,31.83
2024-11-21,1.95
2024-11-26,2.81
2024-12-01,0.95
2024-12-06,0.91
2024-12-11,3.9
2024-12-16,1.64
2024-12-21,0.68
2024-12-26,3.69
2025-01-01,11.47
2025-01-06,2.77
2025-01-11,1.02
2025-01-16,1.44
2025-01-21,1.53
2025-01-26,9.37
2025-02-01,1.91
2025-02-06,1.48
2025-02-11,4.46
2025-02-16,6.38
2025-02-21,1.22
2025-02-26,1.01
2025-03-01,39.12
2025-03-06,2.95
2025-03-11,3.44
2025-03-16,3.87
2025-03-21,4.44
2025-03-26,16.95
2025-04-01,39.62
2025-04-06,2.02
2025-04-11,3.14
2025-04-16,68.19
2025-04-21,32.65
2025-04-26,38.14
2025-05-01,4.41
2025-05-06,25.4
2025-05-11,1.82
2025-05-16,62.44
2025-05-21,43.98
2025-05-26,32.56
2025-06-01,68.57
2025-06-06,24.33
2025-06-11,12.91
2025-06-16,35.21
2025-06-21,1.33
2025-06-26,33.58
2025-07-01,1.64
2025-07-06,2.64
2025-07-11,16.18
2025-07-16,52.94
2025-07-21,9.14
2025-07-26,26.47
2025-08-01,3.81
2025-08-06,12.73
2025-08-11,51.44
2025-08-16,5.59
2025-08-21,6.49
2025-08-26,21.6
2025-09-01,12.41
2025-09-06,9.67
2025-09-11,1.85
2025-09-16,30.14
2025-09-21,29.99
2025-09-26,2.98
2025-10-01,1.93
2025-10-06,5.23
2025-10-11,2.66
2025-10-16,12.66
2025-10-21,27.05
2025-10-26,26.16
2025-11-01,1.05
2025-11-06,1.03
2025-11-11,1.85
2025-11-16,24.81
2025-11-21,24.74
2025-11-26,11.94
2025-12-01,1.21
2025-12-06,1.42
2025-12-11,2.12
2025-12-16,1.74
2025-12-21,0.63
2025-12-26,1.9
2026-01-01,1.83
2026-01-06,17.03
2026-01-11,3.27
2026-01-16,0.73
2026-01-21,6.7
2026-01-26,1.59
2026-02-01,0.77
2026-02-06,1.46
2026-02-11,21.97
2026-02-16,13.59
2026-02-21,2.02
2026-02-26,0.74
2026-03-01,20.97
2026-03-06,26.36
2026-03-11,17.01
2026-03-16,3.52
2026-03-21,3.01
2026-03-26,8.29
2026-04-01,64.28
2026-04-06,15.94
2026-04-11,47.55
2026-04-16,47.75
2026-04-21,16.41
2026-04-26,18.21
